Dates,Tem_Low,Tem_High,WP_Night,WP_Day
2013/1/1,-3,5,3.5,3.5
2013/1/2,-5,1,5.5,5.5
2013/1/3,-5,-1,4.5,3.5
2013/1/4,-3,1,3.5,3.5
2013/1/5,-3,3,3.5,3
2013/1/6,-2,4,3,3
2013/1/7,-1,4,3.5,3.5
2013/1/8,-1,6,3,4.5
2013/1/9,-3,5,3.5,3.5
2013/1/10,-1,7,3.5,3.5
2013/1/11,0,7,3.5,3.5
2013/1/12,3,9,3.5,3.5
2013/1/13,0,9,3.5,3.5
2013/1/14,1,11,3.5,3
2013/1/15,-1,9,3.5,3.5
2013/1/16,-2,7,3.5,4.5
2013/1/17,-4,4,4.5,3.5
2013/1/18,-2,4,3.5,3.5
2013/1/19,3,9,3.5,3.5
2013/1/20,4,9,3.5,3.5
2013/1/21,1,6,3.5,3.5
2013/1/22,-1,6,3.5,3.5
2013/1/23,1,10,3.5,3.5
2013/1/24,-2,9,4.5,3.5
2013/1/25,-1,9,3.5,3.5
2013/1/26,-1,10,3.5,3
2013/1/27,-1,9,3.5,3.5
2013/1/28,5,12,3.5,3.5
2013/1/29,4,15,3.5,3.5
2013/1/30,9,17,3.5,3.5
2013/1/31,10,15,3.5,3.5
2013/2/1,4,14,3.5,4.5
2013/2/2,4,9,4.5,3.5
2013/2/3,6,11,3.5,3.5
2013/2/4,4,10,4.5,4.5
2013/2/5,2,6,3.5,3.5
2013/2/6,-1,8,3.5,3.5
2013/2/7,-5,1,5.5,5.5
2013/2/8,-4,-1,4.5,3.5
2013/2/9,-4,3,3.5,3.5
2013/2/10,-1,7,3.5,3.5
2013/2/11,2,7,4.5,3.5
2013/2/12,-1,7,3.5,3.5
2013/2/13,3,9,3.5,3.5
2013/2/14,3,8,3.5,4.5
2013/2/15,1,9,3.5,3.5
2013/2/16,5,11,3.5,4.5
2013/2/17,1,11,3.5,4.5
2013/2/18,-2,5,5.5,4.5
2013/2/19,-4,1,3.5,3.5
2013/2/20,0,7,3.5,3.5
2013/2/21,4,10,3.5,3.5
2013/2/22,2,13,3,3
2013/2/23,4,15,3.5,3.5
2013/2/24,7,15,3.5,3.5
2013/2/25,10,17,3.5,3.5
2013/2/26,7,17,3.5,3.5
2013/2/27,8,15,3.5,3.5
2013/2/28,4,19,3.5,4.5
2013/3/1,0,7,5.5,4.5
2013/3/2,-1,7,3.5,3.5
2013/3/3,5,12,3.5,3.5
2013/3/4,6,17,3.5,3.5
2013/3/5,8,20,3.5,3.5
2013/3/6,12,23,4.5,3.5
2013/3/7,13,25,4.5,3.5
2013/3/8,15,26,4.5,3.5
2013/3/9,7,28,4.5,5.5
2013/3/10,4,11,5.5,3.5
2013/3/11,6,12,3.5,3.5
2013/3/12,6,22,3.5,5.5
2013/3/13,0,10,5.5,4.5
2013/3/14,2,11,3.5,3.5
2013/3/15,6,15,3.5,3.5
2013/3/16,10,16,3.5,3.5
2013/3/17,9,14,3.5,3.5
2013/3/18,11,22,4.5,3.5
2013/3/19,6,19,3.5,3.5
2013/3/20,1,12,5.5,4.5
2013/3/21,8,15,3.5,3.5
2013/3/22,7,19,3.5,3.5
2013/3/23,7,11,3.5,4.5
2013/3/24,2,13,4.5,4.5
2013/3/25,5,13,4.5,4.5
2013/3/26,3,10,4.5,3.5
2013/3/27,8,17,3.5,3.5
2013/3/28,8,21,3.5,4.5
2013/3/29,6,16,4.5,4.5
2013/3/30,7,18,3.5,3.5
2013/3/31,8,19,3.5,4.5
2013/4/1,9,22,3.5,4.5
2013/4/2,6,18,3.5,3.5
2013/4/3,9,20,3.5,3.5
2013/4/4,13,22,3.5,3.5
2013/4/5,8,19,4.5,4.5
2013/4/6,2,13,4.5,4.5
2013/4/7,8,16,3.5,3.5
2013/4/8,8,21,3.5,4.5
2013/4/9,5,17,4.5,3.5
2013/4/10,6,18,3.5,3.5
2013/4/11,7,22,3.5,3.5
2013/4/12,13,25,3.5,3.5
2013/4/13,14,27,4.5,4.5
2013/4/14,12,26,3.5,3.5
2013/4/15,18,30,4.5,3.5
2013/4/16,13,29,4.5,3.5
2013/4/17,12,27,3.5,3.5
2013/4/18,8,21,4.5,5.5
2013/4/19,7,17,4.5,4.5
2013/4/20,3,11,4.5,3.5
2013/4/21,7,16,3.5,3.5
2013/4/22,10,18,4.5,3.5
2013/4/23,10,18,3.5,3.5
2013/4/24,12,24,3.5,3.5
2013/4/25,9,26,3.5,3.5
2013/4/26,13,26,3.5,3.5
2013/4/27,16,29,4.5,3.5
2013/4/28,19,31,4.5,3.5
2013/4/29,12,26,4.5,4.5
2013/4/30,11,25,3.5,3.5
2013/5/1,12,25,3.5,3.5
2013/5/2,13,26,3.5,3.5
2013/5/3,13,28,3.5,3.5
2013/5/4,14,26,3.5,3.5
2013/5/5,15,27,3.5,3.5
2013/5/6,17,22,3.5,3.5
2013/5/7,16,23,4.5,3.5
2013/5/8,17,19,4.5,3.5
2013/5/9,17,20,3.5,3.5
2013/5/10,15,25,3.5,3.5
2013/5/11,16,28,3.5,3.5
2013/5/12,17,31,4.5,3.5
2013/5/13,18,32,3.5,3.5
2013/5/14,20,33,3.5,4.5
2013/5/15,16,27,4.5,4.5
2013/5/16,15,19,4.5,3.5
2013/5/17,18,22,3.5,3.5
2013/5/18,17,21,3.5,3.5
2013/5/19,19,28,3.5,3.5
2013/5/20,18,30,3.5,3.5
2013/5/21,19,32,3.5,3.5
2013/5/22,20,32,3.5,3.5
2013/5/23,21,31,3.5,3.5
2013/5/24,21,30,3.5,3.5
2013/5/25,21,31,3.5,3.5
2013/5/26,21,23,5.5,5.5
2013/5/27,19,24,4.5,3.5
2013/5/28,20,28,3.5,3.5
2013/5/29,18,28,3.5,3.5
2013/5/30,16,19,3.5,3.5
2013/5/31,19,24,3.5,3.5
2013/6/1,17,25,3.5,3.5
2013/6/2,16,26,3.5,3.5
2013/6/3,18,29,3.5,3.5
2013/6/4,19,31,3.5,3.5
2013/6/5,21,31,4.5,3.5
2013/6/6,21,29,3.5,3.5
2013/6/7,18,23,4.5,5.5
2013/6/8,19,22,4.5,4.5
2013/6/9,19,24,4.5,3.5
2013/6/10,20,25,3.5,3.5
2013/6/11,16,21,3.5,3.5
2013/6/12,17,28,3.5,3
2013/6/13,18,28,3.5,3.5
2013/6/14,19,29,3.5,3.5
2013/6/15,23,30,3.5,3.5
2013/6/16,26,31,3.5,3.5
2013/6/17,27,35,3.5,3.5
2013/6/18,28,34,3.5,3.5
2013/6/19,23,32,3.5,3.5
2013/6/20,22,32,3.5,3.5
2013/6/21,22,32,3.5,3.5
2013/6/22,23,31,3.5,3.5
2013/6/23,22,26,3.5,3.5
2013/6/24,22,28,3.5,3.5
2013/6/25,20,25,3.5,3.5
2013/6/26,22,27,3.5,3.5
2013/6/27,21,26,3.5,3.5
2013/6/28,21,28,3.5,3.5
2013/6/29,23,30,3.5,3.5
2013/6/30,25,30,3.5,3.5
2013/7/1,28,34,3.5,3.5
2013/7/2,28,35,4.5,3.5
2013/7/3,29,35,4.5,3.5
2013/7/4,26,35,4.5,3.5
2013/7/5,22,31,3.5,3.5
2013/7/6,23,26,3.5,3.5
2013/7/7,26,30,3.5,3.5
2013/7/8,27,33,4.5,3.5
2013/7/9,27,35,4.5,3.5
2013/7/10,28,35,4.5,3.5
2013/7/11,28,36,4.5,3.5
2013/7/12,28,35,3.5,3.5
2013/7/13,26,34,4.5,5.5
2013/7/14,27,32,5.5,5.5
2013/7/15,26,33,4.5,3.5
2013/7/16,26,33,4.5,3.5
2013/7/17,27,33,3.5,3.5
2013/7/18,27,35,4.5,3.5
2013/7/19,27,36,3.5,3.5
2013/7/20,26,35,3.5,3.5
2013/7/21,26,32,3.5,3.5
2013/7/22,26,32,4.5,3.5
2013/7/23,28,35,4.5,3.5
2013/7/24,28,36,4.5,3.5
2013/7/25,29,37,4.5,3
2013/7/26,28,37,3.5,3.5
2013/7/27,28,36,3.5,3.5
2013/7/28,28,36,3.5,3.5
2013/7/29,29,36,3.5,3.5
2013/7/30,28,36,3.5,3.5
2013/7/31,27,35,3.5,3.5
2013/8/1,28,36,3.5,3.5
2013/8/2,28,34,4.5,3.5
2013/8/3,27,33,4.5,3.5
2013/8/4,28,36,4.5,3.5
2013/8/5,28,36,4.5,3.5
2013/8/6,29,38,4.5,3.5
2013/8/7,29,39,4.5,3.5
2013/8/8,29,39,4.5,3.5
2013/8/9,29,39,3.5,3.5
2013/8/10,29,39,4.5,3.5
2013/8/11,29,39,3.5,3.5
2013/8/12,28,39,3.5,3.5
2013/8/13,27,39,3.5,3.5
2013/8/14,28,38,3.5,3.5
2013/8/15,28,36,3.5,3.5
2013/8/16,27,36,3.5,3.5
2013/8/17,27,37,3.5,3.5
2013/8/18,27,37,3.5,3.5
2013/8/19,26,34,3.5,4.5
2013/8/20,26,34,4.5,4.5
2013/8/21,27,34,4.5,4.5
2013/8/22,26,32,5.5,5.5
2013/8/23,28,34,4.5,3.5
2013/8/24,25,33,3.5,3.5
2013/8/25,24,30,3.5,3.5
2013/8/26,23,29,3.5,3.5
2013/8/27,25,32,3.5,3.5
2013/8/28,27,35,3.5,3.5
2013/8/29,25,34,3.5,4.5
2013/8/30,21,32,4.5,4.5
2013/8/31,19,28,3.5,3.5
2013/9/1,19,29,3.5,3.5
2013/9/2,19,29,3.5,3.5
2013/9/3,21,29,3.5,3.5
2013/9/4,20,29,3.5,3.5
2013/9/5,17,22,3.5,3.5
2013/9/6,17,20,3.5,3.5
2013/9/7,19,24,3.5,3.5
2013/9/8,22,27,3.5,3.5
2013/9/9,23,30,3.5,3.5
2013/9/10,24,29,3.5,3.5
2013/9/11,22,27,3.5,3.5
2013/9/12,23,27,3.5,3.5
2013/9/13,24,28,3.5,3.5
2013/9/14,22,32,3.5,3.5
2013/9/15,22,31,3.5,3.5
2013/9/16,21,31,3.5,3.5
2013/9/17,21,30,4.5,4.5
2013/9/18,20,29,4.5,4.5
2013/9/19,21,30,3.5,3.5
2013/9/20,23,30,3.5,3.5
2013/9/21,24,30,4.5,4.5
2013/9/22,25,30,4.5,4.5
2013/9/23,21,30,4.5,3.5
2013/9/24,16,25,5.5,5.5
2013/9/25,15,21,4.5,3.5
2013/9/26,17,24,3,3.5
2013/9/27,17,23,3.5,3.5
2013/9/28,16,21,3.5,3.5
2013/9/29,17,25,3.5,3.5
2013/9/30,16,27,3.5,3.5
2013/10/1,16,26,3.5,3.5
2013/10/2,15,26,4.5,4.5
2013/10/3,14,24,3.5,3.5
2013/10/4,15,25,3.5,3.5
2013/10/5,18,26,3.5,3.5
2013/10/6,20,25,4.5,4.5
2013/10/7,21,23,5.5,5.5
2013/10/8,17,22,5.5,3.5
2013/10/9,17,25,3.5,3.5
2013/10/10,17,28,3.5,3.5
2013/10/11,17,29,3.5,3.5
2013/10/12,18,28,3.5,3.5
2013/10/13,17,27,4.5,3.5
2013/10/14,13,27,3.5,5.5
2013/10/15,8,19,5.5,4.5
2013/10/16,13,18,3.5,3.5
2013/10/17,15,18,3.5,3.5
2013/10/18,16,23,3.5,3.5
2013/10/19,15,22,3.5,3.5
2013/10/20,13,23,3.5,3.5
2013/10/21,12,22,3.5,3.5
2013/10/22,11,22,3.5,3.5
2013/10/23,11,23,3.5,3.5
2013/10/24,8,20,4.5,4.5
2013/10/25,8,18,4.5,3.5
2013/10/26,8,19,3.5,3.5
2013/10/27,10,20,3.5,3.5
2013/10/28,13,23,3.5,3.5
2013/10/29,16,24,3.5,4.5
2013/10/30,15,20,4.5,4.5
2013/10/31,15,18,4.5,3.5
2013/11/1,15,20,4.5,3.5
2013/11/2,16,22,3.5,3.5
2013/11/3,11,19,3.5,3.5
2013/11/4,10,20,3.5,3.5
2013/11/5,11,20,3.5,3.5
2013/11/6,10,21,3.5,3.5
2013/11/7,12,22,3.5,3.5
2013/11/8,16,24,3.5,3.5
2013/11/9,13,23,3.5,4.5
2013/11/10,9,15,5.5,4.5
2013/11/11,9,15,3.5,3.5
2013/11/12,8,15,3.5,3.5
2013/11/13,12,17,3.5,3.5
2013/11/14,7,16,3.5,3.5
2013/11/15,6,18,3.5,3.5
2013/11/16,5,20,3.5,4.5
2013/11/17,2,15,3.5,3.5
2013/11/18,2,14,3.5,3.5
2013/11/19,3,15,3.5,3.5
2013/11/20,6,18,3.5,3.5
2013/11/21,8,19,3,3.5
2013/11/22,9,18,3,3
2013/11/23,9,18,3.5,3.5
2013/11/24,5,15,5.5,4.5
2013/11/25,2,15,3.5,3
2013/11/26,2,15,3.5,3.5
2013/11/27,-2,9,5.5,5.5
2013/11/28,-3,8,4.5,4.5
2013/11/29,2,10,3.5,3.5
2013/11/30,1,14,4.5,3.5
2013/12/1,3,13,3.5,3.5
2013/12/2,3,16,3,3
2013/12/3,6,17,3,3.5
2013/12/4,6,16,3,3
2013/12/5,4,16,3,3.5
2013/12/6,4,13,3,3
2013/12/7,5,13,3,3
2013/12/8,4,14,3,4.5
2013/12/9,-2,9,5.5,4.5
2013/12/10,1,8,3.5,3.5
2013/12/11,-1,9,3.5,3.5
2013/12/12,0,12,3,3.5
2013/12/13,1,11,3.5,3.5
2013/12/14,5,13,3.5,3.5
2013/12/15,5,12,3.5,4.5
2013/12/16,3,7,3.5,3.5
2013/12/17,2,7,4.5,4.5
2013/12/18,-2,8,4.5,4.5
2013/12/19,-1,7,4.5,3.5
2013/12/20,-3,6,3.5,3.5
2013/12/21,-3,5,3.5,3.5
2013/12/22,-3,5,3.5,3.5
2013/12/23,-2,7,3,3
2013/12/24,-1,7,3.5,3.5
2013/12/25,1,9,3,3.5
2013/12/26,-4,5,4.5,4.5
2013/12/27,-5,3,3,3
2013/12/28,-5,5,3,3
2013/12/29,-2,7,3.5,3.5
2013/12/30,0,11,3.5,3.5
2013/12/31,1,14,4.5,3.5
2014/1/1,2,16,3.5,3.5
2014/1/2,3,17,3.5,3.5
2014/1/3,2,16,4.5,3.5
2014/1/4,1,10,3.5,3.5
2014/1/5,3,13,3,3.5
2014/1/6,6,13,4.5,3.5
2014/1/7,3,10,3.5,4.5
2014/1/8,-3,7,5.5,4.5
2014/1/9,-2,6,3.5,3.5
2014/1/10,2,8,3.5,3.5
2014/1/11,3,7,3.5,3.5
2014/1/12,0,9,3.5,3.5
2014/1/13,-3,7,3.5,3.5
2014/1/14,-2,7,3.5,3.5
2014/1/15,-1,8,3.5,3.5
2014/1/16,1,9,3.5,3.5
2014/1/17,-1,13,3.5,3.5
2014/1/18,-2,7,3.5,3.5
2014/1/19,2,11,3.5,3.5
2014/1/20,-3,9,4.5,3.5
2014/1/21,-3,7,3.5,3.5
2014/1/22,-3,8,3.5,3.5
2014/1/23,2,12,4.5,3.5
2014/1/24,8,18,4.5,4.5
2014/1/25,3,15,4.5,4.5
2014/1/26,1,10,3.5,3.5
2014/1/27,4,14,3.5,3.5
2014/1/28,5,13,4.5,4.5
2014/1/29,5,10,3.5,3.5
2014/1/30,7,15,3.5,3.5
2014/1/31,11,19,4.5,3.5
2014/2/1,10,22,3.5,3.5
2014/2/2,4,18,3.5,3.5
2014/2/3,-1,9,4.5,5.5
2014/2/4,1,6,4.5,4.5
2014/2/5,2,3,4.5,4.5
2014/2/6,1,5,4.5,4.5
2014/2/7,-3,2,4.5,3.5
2014/2/8,-2,4,3.5,4.5
2014/2/9,-5,2,4.5,4.5
2014/2/10,-4,2,3.5,3.5
2014/2/11,-4,2,3.5,3.5
2014/2/12,0,4,3.5,3.5
2014/2/13,-1,4,4.5,3.5
2014/2/14,-1,7,3.5,3.5
2014/2/15,3,9,3.5,3.5
2014/2/16,4,7,3.5,3.5
2014/2/17,1,7,3.5,4.5
2014/2/18,-3,2,4.5,4.5
2014/2/19,-3,5,3.5,3.5
2014/2/20,-1,9,3.5,3.5
2014/2/21,2,11,3.5,3.5
2014/2/22,4,12,3.5,3.5
2014/2/23,6,14,4.5,3.5
2014/2/24,8,13,3.5,3.5
2014/2/25,8,10,3.5,3.5
2014/2/26,8,12,3.5,3.5
2014/2/27,7,13,3.5,4.5
2014/2/28,5,8,4.5,3.5
2014/3/1,2,8,3.5,3.5
2014/3/2,4,12,3.5,3.5
2014/3/3,6,14,3.5,4.5
2014/3/4,3,12,3.5,3.5
2014/3/5,4,12,4.5,4.5
2014/3/6,0,8,4.5,3.5
2014/3/7,4,11,3.5,4.5
2014/3/8,1,9,3.5,3.5
2014/3/9,5,14,3.5,3.5
2014/3/10,5,17,4.5,3.5
2014/3/11,7,18,3.5,3.5
2014/3/12,5,14,4.5,5.5
2014/3/13,3,11,4.5,3.5
2014/3/14,5,18,3.5,3.5
2014/3/15,7,22,4.5,3.5
2014/3/16,12,23,4.5,3.5
2014/3/17,13,25,4.5,3.5
2014/3/18,9,25,3.5,4.5
2014/3/19,7,10,4.5,5.5
2014/3/20,3,14,5.5,3.5
2014/3/21,4,15,3.5,3.5
2014/3/22,7,19,3.5,3.5
2014/3/23,11,20,3.5,3.5
2014/3/24,14,19,3.5,3.5
2014/3/25,12,20,3.5,3.5
2014/3/26,11,23,3.5,3.5
2014/3/27,14,24,4.5,3.5
2014/3/28,15,21,3.5,3.5
2014/3/29,10,18,3.5,3.5
2014/3/30,11,21,3.5,3.5
2014/3/31,8,18,4.5,3.5
2014/4/1,10,20,3.5,3.5
2014/4/2,12,21,3.5,3.5
2014/4/3,7,22,4.5,4.5
2014/4/4,9,20,3.5,3.5
2014/4/5,7,20,4.5,3.5
2014/4/6,10,18,3.5,3.5
2014/4/7,12,20,3.5,3.5
2014/4/8,12,24,3.5,3.5
2014/4/9,14,25,3.5,3.5
2014/4/10,15,27,3.5,3.5
2014/4/11,14,20,3.5,3.5
2014/4/12,12,18,4.5,3.5
2014/4/13,10,18,3.5,3.5
2014/4/14,11,23,3.5,3.5
2014/4/15,14,22,4.5,4.5
2014/4/16,16,19,3.5,3.5
2014/4/17,14,20,3.5,3.5
2014/4/18,13,21,4.5,4.5
2014/4/19,12,15,4.5,3.5
2014/4/20,12,18,3.5,3.5
2014/4/21,12,16,3.5,3.5
2014/4/22,11,21,3.5,3.5
2014/4/23,13,23,4.5,3.5
2014/4/24,15,24,4.5,4.5
2014/4/25,16,21,5.5,5.5
2014/4/26,16,21,3.5,3.5
2014/4/27,13,19,4.5,4.5
2014/4/28,12,20,3.5,3.5
2014/4/29,13,22,3.5,3.5
2014/4/30,14,25,3.5,3.5
2014/5/1,16,28,3.5,3.5
2014/5/2,15,26,4.5,3.5
2014/5/3,15,24,3.5,3.5
2014/5/4,10,20,4.5,3.5
2014/5/5,11,22,3.5,3.5
2014/5/6,13,25,4.5,3.5
2014/5/7,17,28,4.5,3.5
2014/5/8,16,29,4.5,4.5
2014/5/9,17,23,4.5,4.5
2014/5/10,18,22,5.5,5.5
2014/5/11,14,21,4.5,3.5
2014/5/12,17,28,3.5,3.5
2014/5/13,19,28,3.5,3.5
2014/5/14,17,28,3.5,3.5
2014/5/15,16,28,3.5,3.5
2014/5/16,18,28,3.5,3.5
2014/5/17,16,23,3.5,3.5
2014/5/18,16,25,3.5,3.5
2014/5/19,17,27,3.5,3.5
2014/5/20,19,30,3.5,3.5
2014/5/21,19,31,3.5,3.5
2014/5/22,18,32,3.5,3.5
2014/5/23,20,29,5.5,5.5
2014/5/24,23,28,4.5,3.5
2014/5/25,22,29,3.5,3.5
2014/5/26,20,32,4.5,3.5
2014/5/27,22,33,4.5,3.5
2014/5/28,23,34,3.5,3.5
2014/5/29,23,35,3.5,3.5
2014/5/30,23,34,3.5,3.5
2014/5/31,22,32,4.5,4.5
2014/6/1,21,25,4.5,5.5
2014/6/2,18,25,5.5,4.5
2014/6/3,19,25,4.5,3.5
2014/6/4,20,29,3.5,3.5
2014/6/5,21,30,3.5,3.5
2014/6/6,22,31,3.5,3.5
2014/6/7,22,31,3.5,3.5
2014/6/8,22,32,3,3.5
2014/6/9,20,31,3.5,3.5
2014/6/10,20,31,3.5,3.5
2014/6/11,21,31,3.5,3.5
2014/6/12,21,31,3.5,3.5
2014/6/13,23,33,3.5,3.5
2014/6/14,25,34,3.5,3.5
2014/6/15,22,29,3.5,3.5
2014/6/16,21,24,3.5,3.5
2014/6/17,21,26,3.5,3.5
2014/6/18,22,27,3.5,3.5
2014/6/19,22,31,3.5,3.5
2014/6/20,22,27,3.5,3.5
2014/6/21,22,26,3.5,3.5
2014/6/22,21,26,3.5,3.5
2014/6/23,21,28,3.5,3.5
2014/6/24,22,31,3.5,3.5
2014/6/25,21,25,3.5,3.5
2014/6/26,21,24,3.5,3.5
2014/6/27,21,27,3.5,3.5
2014/6/28,22,30,3.5,3.5
2014/6/29,22,31,3.5,3.5
2014/6/30,23,29,3.5,3.5
2014/7/1,22,25,3.5,3.5
2014/7/2,21,24,3.5,3.5
2014/7/3,22,31,3.5,3.5
2014/7/4,22,26,3.5,4.5
2014/7/5,21,23,4.5,3.5
2014/7/6,20,28,3.5,3.5
2014/7/7,21,30,3.5,3.5
2014/7/8,23,30,3.5,3.5
2014/7/9,24,31,4.5,3.5
2014/7/10,25,34,3.5,3.5
2014/7/11,24,32,3.5,3.5
2014/7/12,22,28,3.5,3.5
2014/7/13,23,29,3.5,3.5
2014/7/14,23,31,3.5,3.5
2014/7/15,24,30,3.5,3.5
2014/7/16,24,28,3.5,3.5
2014/7/17,25,29,3.5,3.5
2014/7/18,26,33,3.5,3.5
2014/7/19,27,35,3.5,3.5
2014/7/20,27,36,3.5,3.5
2014/7/21,27,36,3.5,3.5
2014/7/22,27,36,3.5,3.5
2014/7/23,27,35,3.5,3.5
2014/7/24,26,32,5.5,6.5
2014/7/25,24,29,5.5,4.5
2014/7/26,25,31,3.5,3.5
2014/7/27,25,28,3.5,3.5
2014/7/28,25,31,3.5,3.5
2014/7/29,26,33,3.5,3.5
2014/7/30,27,35,3.5,3.5
2014/7/31,26,34,3.5,3.5
2014/8/1,25,30,4.5,4.5
2014/8/2,26,31,4.5,3.5
2014/8/3,26,34,3.5,3.5
2014/8/4,27,36,3.5,3.5
2014/8/5,28,36,3.5,3.5
2014/8/6,27,35,3.5,3.5
2014/8/7,25,31,3.5,3.5
2014/8/8,24,26,3.5,3.5
2014/8/9,23,27,3.5,3.5
2014/8/10,23,27,3.5,3.5
2014/8/11,23,28,3.5,3.5
2014/8/12,22,28,3.5,3.5
2014/8/13,21,23,4.5,3.5
2014/8/14,21,24,3.5,3.5
2014/8/15,22,29,3.5,3.5
2014/8/16,22,28,3.5,3.5
2014/8/17,21,25,3.5,3.5
2014/8/18,21,25,3.5,3.5
2014/8/19,21,28,3.5,3.5
2014/8/20,20,28,3.5,3.5
2014/8/21,22,30,3,3
2014/8/22,24,31,3,3
2014/8/23,25,31,3,3
2014/8/24,23,28,4.5,4.5
2014/8/25,23,29,3.5,3.5
2014/8/26,22,29,3.5,3.5
2014/8/27,20,23,3.5,3.5
2014/8/28,21,24,3.5,3.5
2014/8/29,22,26,3.5,3.5
2014/8/30,22,29,3.5,3.5
2014/8/31,21,24,3.5,3.5
2014/9/1,22,26,3.5,3.5
2014/9/2,23,29,3.5,3.5
2014/9/3,19,27,3.5,3.5
2014/9/4,21,28,3.5,3.5
2014/9/5,22,29,3.5,3.5
2014/9/6,23,29,3,3.5
2014/9/7,23,30,3.5,3.5
2014/9/8,22,26,3.5,3.5
2014/9/9,23,28,3.5,3.5
2014/9/10,21,25,3.5,3.5
2014/9/11,21,26,4.5,4.5
2014/9/12,19,23,4.5,4.5
2014/9/13,20,24,3.5,3.5
2014/9/14,22,27,3.5,3.5
2014/9/15,21,27,3.5,3.5
2014/9/16,22,27,4.5,3.5
2014/9/17,20,27,3.5,3.5
2014/9/18,17,21,4.5,3.5
2014/9/19,16,22,3.5,3.5
2014/9/20,17,26,3.5,3.5
2014/9/21,19,27,4.5,4.5
2014/9/22,21,25,5.5,5.5
2014/9/23,21,24,5.5,5.5
2014/9/24,19,27,3.5,3.5
2014/9/25,20,28,3.5,3.5
2014/9/26,20,26,3.5,3.5
2014/9/27,22,28,3,3.5
2014/9/28,22,30,3.5,3.5
2014/9/29,19,24,3.5,4.5
2014/9/30,14,23,4.5,3.5
2014/10/1,16,23,3.5,3.5
2014/10/2,17,26,3.5,3.5
2014/10/3,14,26,3.5,3.5
2014/10/4,15,25,3.5,3.5
2014/10/5,15,25,3.5,3.5
2014/10/6,12,22,3.5,3.5
2014/10/7,14,24,3.5,3
2014/10/8,15,25,3,3
2014/10/9,16,25,3.5,3.5
2014/10/10,16,25,3.5,3.5
2014/10/11,17,26,3.5,3.5
2014/10/12,14,25,4.5,4.5
2014/10/13,9,20,4.5,3.5
2014/10/14,10,20,3.5,3.5
2014/10/15,13,23,3.5,3.5
2014/10/16,16,24,3,3.5
2014/10/17,15,24,3.5,3.5
2014/10/18,17,26,3.5,3.5
2014/10/19,18,27,3.5,3.5
2014/10/20,17,29,3.5,3.5
2014/10/21,12,19,4.5,4.5
2014/10/22,11,22,3,3
2014/10/23,13,24,3.5,3.5
2014/10/24,14,26,3,3
2014/10/25,14,26,3.5,3.5
2014/10/26,16,28,3.5,4.5
2014/10/27,11,20,4.5,4.5
2014/10/28,15,20,4.5,4.5
2014/10/29,15,17,3.5,3.5
2014/10/30,16,19,3.5,3.5
2014/10/31,15,19,3.5,3.5
2014/11/1,14,20,3.5,4.5
2014/11/2,6,17,5.5,4.5
2014/11/3,7,16,3.5,3.5
2014/11/4,9,18,3.5,3.5
2014/11/5,11,20,3.5,3.5
2014/11/6,11,20,3.5,3.5
2014/11/7,10,17,4.5,4.5
2014/11/8,8,12,3.5,3.5
2014/11/9,9,17,3.5,3.5
2014/11/10,10,17,3.5,3.5
2014/11/11,9,17,3.5,4.5
2014/11/12,4,15,4.5,4.5
2014/11/13,4,14,3.5,3.5
2014/11/14,7,16,3.5,3.5
2014/11/15,9,16,3.5,3.5
2014/11/16,6,16,3.5,3.5
2014/11/17,5,14,4.5,3.5
2014/11/18,5,15,3.5,3.5
2014/11/19,6,16,3.5,3
2014/11/20,9,18,3,3
2014/11/21,12,20,3,3
2014/11/22,13,20,3.5,3.5
2014/11/23,12,21,3.5,3.5
2014/11/24,9,14,4.5,4.5
2014/11/25,7,13,3.5,3.5
2014/11/26,9,15,3,3
2014/11/27,11,17,3.5,3.5
2014/11/28,10,14,3.5,3.5
2014/11/29,12,15,4.5,3.5
2014/11/30,3,13,4.5,5.5
2014/12/1,-2,6,5.5,3.5
2014/12/2,-1,6,3.5,3.5
2014/12/3,0,6,4.5,3.5
2014/12/4,-2,7,3.5,3
2014/12/5,-2,8,3,3
2014/12/6,3,10,3,3.5
2014/12/7,1,12,3.5,3.5
2014/12/8,2,9,3.5,3.5
2014/12/9,6,11,3.5,3.5
2014/12/10,3,9,3.5,4.5
2014/12/11,-2,8,4.5,3.5
2014/12/12,-3,8,3.5,3.5
2014/12/13,-1,8,3.5,3.5
2014/12/14,3,10,3.5,3.5
2014/12/15,0,9,4.5,4.5
2014/12/16,-4,4,5.5,4.5
2014/12/17,-3,7,3.5,3.5
2014/12/18,3,9,3.5,3.5
2014/12/19,0,11,3.5,4.5
2014/12/20,0,8,4.5,3.5
2014/12/21,-4,6,4.5,3.5
2014/12/22,-1,8,3.5,3.5
2014/12/23,0,11,3.5,3.5
2014/12/24,0,12,3.5,3.5
2014/12/25,1,8,3.5,3.5
2014/12/26,2,9,3,3
2014/12/27,2,10,3,3
2014/12/28,0,12,3.5,3.5
2014/12/29,2,15,3.5,3
2014/12/30,0,16,3,3.5
2014/12/31,-4,7,5.5,4.5
2015/1/1,-4,5,3.5,3
2015/1/2,-1,9,3,3
2015/1/3,3,13,3,3
2015/1/4,5,17,3,3
2015/1/5,2,18,3.5,3.5
2015/1/6,-1,7,4.5,3.5
2015/1/7,-3,8,3,3
2015/1/8,-1,8,3,3
2015/1/9,1,13,3,3
2015/1/10,0,14,3,3
2015/1/11,1,15,3,3.5
2015/1/12,3,10,3.5,3.5
2015/1/13,4,7,3.5,3.5
2015/1/14,4,8,3.5,3
2015/1/15,4,10,3,3
2015/1/16,-1,11,3.5,3.5
2015/1/17,0,7,3.5,3
2015/1/18,0,9,3,3
2015/1/19,2,11,3,3
2015/1/20,4,11,3,3.5
2015/1/21,-1,12,4.5,4.5
2015/1/22,-1,9,3,3
2015/1/23,2,11,3.5,3
2015/1/24,8,16,3.5,3
2015/1/25,6,12,3,3
2015/1/26,3,12,3.5,4.5
2015/1/27,0,5,4.5,4.5
2015/1/28,-1,4,3.5,3.5
2015/1/29,-1,2,3.5,3.5
2015/1/30,-2,4,3.5,3.5
2015/1/31,-1,4,3.5,3
2015/2/1,1,5,3,3
2015/2/2,2,7,3,3
2015/2/3,2,7,3,3
2015/2/4,-1,8,3.5,3.5
2015/2/5,-2,8,3.5,3
2015/2/6,0,9,3,3
2015/2/7,-1,12,3,3.5
2015/2/8,-4,6,4.5,3
2015/2/9,-3,6,3,3
2015/2/10,1,11,3,3
2015/2/11,2,16,3.5,3
2015/2/12,3,13,3,3.5
2015/2/13,5,15,3,3
2015/2/14,11,20,3,3.5
2015/2/15,9,16,3,3
2015/2/16,3,15,3.5,3
2015/2/17,3,14,3,3
2015/2/18,1,13,3.5,3.5
2015/2/19,5,11,3.5,3.5
2015/2/20,7,10,3.5,3.5
2015/2/21,4,11,3.5,3.5
2015/2/22,4,12,3.5,3
2015/2/23,5,10,3,3
2015/2/24,7,12,3,3
2015/2/25,6,11,3,3
2015/2/26,1,12,3.5,4.5
2015/2/27,2,5,4.5,4.5
2015/2/28,1,4,4.5,3.5
2015/3/1,2,10,3,3
2015/3/2,6,13,3,3
2015/3/3,2,12,4.5,4.5
2015/3/4,1,6,3.5,3.5
2015/3/5,2,5,3.5,3
2015/3/6,3,8,3.5,3
2015/3/7,5,11,3,3
2015/3/8,4,10,3.5,3.5
2015/3/9,0,10,4.5,4.5
2015/3/10,0,8,3.5,3
2015/3/11,2,12,3,3
2015/3/12,7,17,3,3
2015/3/13,6,20,3.5,3
2015/3/14,8,14,3.5,3
2015/3/15,10,16,3.5,3
2015/3/16,12,17,3,3.5
2015/3/17,11,18,3.5,4.5
2015/3/18,10,15,4.5,3.5
2015/3/19,10,16,3.5,3.5
2015/3/20,8,14,3.5,3
2015/3/21,9,21,3,3
2015/3/22,7,20,3.5,3.5
2015/3/23,6,17,3.5,3.5
2015/3/24,7,16,3.5,3.5
2015/3/25,7,16,4.5,3.5
2015/3/26,10,16,3.5,3.5
2015/3/27,8,16,3,3
2015/3/28,11,21,3.5,3
2015/3/29,14,24,3.5,3
2015/3/30,16,22,3.5,3.5
2015/3/31,18,26,3.5,3
2015/4/1,17,23,4.5,4.5
2015/4/2,12,27,4.5,3.5
2015/4/3,11,17,3.5,4.5
2015/4/4,12,17,3.5,3.5
2015/4/5,7,14,3.5,4.5
2015/4/6,4,13,4.5,3.5
2015/4/7,2,7,3.5,3
2015/4/8,4,13,3.5,3
2015/4/9,6,15,3,3
2015/4/10,8,17,3,3
2015/4/11,9,19,3.5,3.5
2015/4/12,5,21,4.5,4.5
2015/4/13,6,12,5.5,4.5
2015/4/14,9,18,3.5,3.5
2015/4/15,14,22,3.5,4.5
2015/4/16,10,22,4.5,3.5
2015/4/17,15,23,4.5,4.5
2015/4/18,14,26,3.5,3.5
2015/4/19,11,23,3.5,4.5
2015/4/20,8,17,3.5,3
2015/4/21,8,19,3,3
2015/4/22,13,25,3,3
2015/4/23,13,27,3,3
2015/4/24,14,28,3,3
2015/4/25,15,28,3,3
2015/4/26,16,28,3.5,3
2015/4/27,18,27,3.5,3
2015/4/28,17,30,3.5,3.5
2015/4/29,15,24,3.5,3.5
2015/4/30,14,25,3,3.5
2015/5/1,17,27,3.5,4.5
2015/5/2,13,21,4.5,3.5
2015/5/3,16,25,3,3
2015/5/4,13,24,3.5,3.5
2015/5/5,15,26,3.5,3
2015/5/6,16,24,3,3
2015/5/7,18,28,3,3.5
2015/5/8,16,23,3.5,3.5
2015/5/9,16,25,3,3.5
2015/5/10,15,26,3.5,3.5
2015/5/11,12,20,4.5,5.5
2015/5/12,15,27,5.5,4.5
2015/5/13,19,29,5.5,3.5
2015/5/14,20,30,3.5,3.5
2015/5/15,16,25,3.5,4.5
2015/5/16,15,25,3.5,3
2015/5/17,20,27,3.5,3.5
2015/5/18,20,25,3.5,3
2015/5/19,20,30,3,3.5
2015/5/20,15,27,3.5,3.5
2015/5/21,15,26,3.5,3.5
2015/5/22,18,27,3,3
2015/5/23,18,26,3,3
2015/5/24,18,28,3.5,3
2015/5/25,20,29,3.5,3.5
2015/5/26,20,28,3.5,3.5
2015/5/27,19,23,3.5,3
2015/5/28,21,26,3.5,3
2015/5/29,20,27,4.5,3.5
2015/5/30,19,27,3.5,3
2015/5/31,20,29,3,3.5
2015/6/1,23,31,3.5,3.5
2015/6/2,20,24,4.5,4.5
2015/6/3,17,26,4.5,3.5
2015/6/4,18,26,3.5,3.5
2015/6/5,19,30,3.5,3
2015/6/6,21,32,3.5,3.5
2015/6/7,21,27,3.5,3.5
2015/6/8,21,26,3.5,3
2015/6/9,21,27,3.5,3.5
2015/6/10,23,28,3.5,3.5
2015/6/11,22,31,4.5,4.5
2015/6/12,23,34,4.5,3.5
2015/6/13,24,33,3.5,3
2015/6/14,23,31,3,3
2015/6/15,21,28,3,3
2015/6/16,20,24,3.5,3.5
2015/6/17,19,23,4.5,3.5
2015/6/18,20,27,3.5,3
2015/6/19,21,30,3,3
2015/6/20,21,29,3,3.5
2015/6/21,21,27,3.5,3
2015/6/22,22,29,3.5,3
2015/6/23,23,28,3.5,3.5
2015/6/24,25,27,3,3
2015/6/25,22,30,3.5,3.5
2015/6/26,22,26,3.5,3.5
2015/6/27,20,24,3.5,3.5
2015/6/28,21,24,3.5,3.5
2015/6/29,23,28,3.5,3.5
2015/6/30,21,27,3.5,3.5
2015/7/1,21,28,3,3
2015/7/2,22,32,3,3
2015/7/3,22,30,3,3
2015/7/4,19,27,3.5,3
2015/7/5,19,26,3.5,3.5
2015/7/6,18,21,3.5,4.5
2015/7/7,19,23,4.5,3.5
2015/7/8,20,23,3.5,3.5
2015/7/9,23,26,3.5,3.5
2015/7/10,23,30,4.5,4.5
2015/7/11,23,28,5.5,5.5
2015/7/12,24,30,5.5,4.5
2015/7/13,24,34,3.5,3.5
2015/7/14,25,35,3,3
2015/7/15,24,33,3.5,3.5
2015/7/16,23,29,3.5,3.5
2015/7/17,23,26,3.5,3
2015/7/18,24,27,3,3.5
2015/7/19,23,26,3.5,3
2015/7/20,24,30,3,3
2015/7/21,25,30,3,3
2015/7/22,25,31,3,3
2015/7/23,25,30,3.5,3.5
2015/7/24,24,27,3.5,3.5
2015/7/25,25,29,3,3
2015/7/26,26,31,3.5,3.5
2015/7/27,27,33,3.5,3.5
2015/7/28,27,35,4.5,3.5
2015/7/29,27,36,4.5,3.5
2015/7/30,27,35,4.5,3.5
2015/7/31,27,35,4.5,3
2015/8/1,27,35,4.5,3.5
2015/8/2,28,37,4.5,3.5
2015/8/3,28,37,4.5,3.5
2015/8/4,29,37,4.5,3
2015/8/5,27,36,3.5,3.5
2015/8/6,27,35,3.5,3.5
2015/8/7,26,34,4.5,3.5
2015/8/8,25,32,4.5,4.5
2015/8/9,25,28,5.5,5.5
2015/8/10,24,27,5.5,5.5
2015/8/11,23,27,4.5,3.5
2015/8/12,24,28,3.5,3
2015/8/13,23,31,3.5,3
2015/8/14,24,31,3.5,3
2015/8/15,24,31,3.5,3
2015/8/16,23,31,3,3
2015/8/17,24,31,3,3.5
2015/8/18,24,30,3.5,3.5
2015/8/19,24,30,3.5,4.5
2015/8/20,23,27,3.5,3.5
2015/8/21,23,28,3.5,3
2015/8/22,21,28,3.5,3.5
2015/8/23,21,28,3.5,3.5
2015/8/24,21,27,4.5,4.5
2015/8/25,22,29,3.5,3
2015/8/26,22,30,3.5,3
2015/8/27,22,30,3,3
2015/8/28,21,30,3,3
2015/8/29,22,30,3,3
2015/8/30,22,30,3,3.5
2015/8/31,22,31,3,3
2015/9/1,22,30,3,3.5
2015/9/2,22,31,3.5,3.5
2015/9/3,21,30,3,3
2015/9/4,24,31,3.5,3.5
2015/9/5,22,28,3.5,3.5
2015/9/6,21,28,3.5,3
2015/9/7,21,28,3.5,3
2015/9/8,20,29,3.5,3
2015/9/9,20,28,3.5,3.5
2015/9/10,19,28,3,3
2015/9/11,20,27,3,3.5
2015/9/12,16,26,3.5,3.5
2015/9/13,18,25,3,3
2015/9/14,20,27,3.5,3
2015/9/15,19,27,3.5,3.5
2015/9/16,17,27,3.5,3
2015/9/17,18,27,3,3
2015/9/18,19,27,3,3
2015/9/19,20,28,3,3
2015/9/20,18,28,3.5,3
2015/9/21,20,28,3.5,3.5
2015/9/22,22,27,3.5,3
2015/9/23,20,27,3.5,3.5
2015/9/24,20,27,3,3
2015/9/25,19,27,3,3
2015/9/26,19,28,3,3
2015/9/27,18,27,3,3
2015/9/28,21,28,4.5,5.5
2015/9/29,21,25,5.5,5.5
2015/9/30,17,27,4.5,4.5
2015/10/1,14,23,5.5,4.5
2015/10/2,14,24,3.5,3
2015/10/3,17,25,3,3
2015/10/4,18,25,3.5,3
2015/10/5,18,22,3,3
2015/10/6,19,23,3,3.5
2015/10/7,18,22,3.5,4.5
2015/10/8,15,22,3.5,3
2015/10/9,12,22,3.5,3.5
2015/10/10,10,23,4.5,3.5
2015/10/11,10,21,3.5,3
2015/10/12,11,23,3,3
2015/10/13,12,24,3.5,3.5
2015/10/14,12,25,3,3
2015/10/15,13,25,3,3
2015/10/16,15,26,3,3
2015/10/17,15,26,3,3.5
2015/10/18,14,25,3.5,3.5
2015/10/19,15,24,3.5,3.5
2015/10/20,16,25,3.5,3.5
2015/10/21,16,25,3.5,3.5
2015/10/22,16,25,3.5,3.5
2015/10/23,17,25,3.5,3
2015/10/24,17,26,3.5,3.5
2015/10/25,17,23,3.5,3.5
2015/10/26,14,24,3.5,4.5
2015/10/27,11,19,4.5,3
2015/10/28,13,18,3,3.5
2015/10/29,12,17,3.5,3.5
2015/10/30,11,18,4.5,3.5
2015/10/31,10,17,3.5,3.5
2015/11/1,8,17,3.5,3
2015/11/2,8,19,3,3
2015/11/3,13,20,3.5,3.5
2015/11/4,14,20,3.5,3
2015/11/5,17,23,3.5,3.5
2015/11/6,16,25,3.5,3.5
2015/11/7,12,15,3.5,3.5
2015/11/8,9,16,3.5,3.5
2015/11/9,8,17,3.5,3.5
2015/11/10,10,15,3.5,3.5
2015/11/11,11,15,3.5,3.5
2015/11/12,12,15,3.5,3.5
2015/11/13,11,16,3.5,3
2015/11/14,10,18,3,3
2015/11/15,14,18,3.5,3.5
2015/11/16,13,18,3.5,3.5
2015/11/17,12,16,3.5,3.5
2015/11/18,11,15,3.5,3.5
2015/11/19,10,12,3.5,3.5
2015/11/20,12,15,3.5,3.5
2015/11/21,13,15,3.5,3.5
2015/11/22,14,17,3.5,3
2015/11/23,6,15,4.5,4.5
2015/11/24,2,9,5.5,5.5
2015/11/25,-1,6,4.5,5.5
2015/11/26,-4,3,4.5,3.5
2015/11/27,2,5,3,3
2015/11/28,7,12,3,3
2015/11/29,6,16,3,3
2015/11/30,9,15,3,3
2015/12/1,7,17,3.5,3.5
2015/12/2,3,13,4.5,4.5
2015/12/3,-1,10,4.5,3.5
2015/12/4,4,10,3,3
2015/12/5,2,8,3,3
2015/12/6,1,10,3,3
2015/12/7,3,12,3,3
2015/12/8,8,14,3.5,3.5
2015/12/9,9,12,3.5,3.5
2015/12/10,8,12,3.5,4.5
2015/12/11,2,11,3.5,3.5
2015/12/12,3,10,3,3
2015/12/13,3,8,3,3
2015/12/14,4,10,3,3.5
2015/12/15,0,11,3.5,4.5
2015/12/16,-4,6,5.5,4.5
2015/12/17,-2,6,3,3
2015/12/18,-1,7,3,3
2015/12/19,5,9,3.5,3.5
2015/12/20,1,8,3,3.5
2015/12/21,5,11,3,3
2015/12/22,6,11,3,3
2015/12/23,7,11,3,3.5
2015/12/24,5,9,3,3
2015/12/25,3,11,3.5,3.5
2015/12/26,4,14,3,3.5
2015/12/27,2,10,4.5,3.5
2015/12/28,0,7,3,3
2015/12/29,1,9,3,3
2015/12/30,0,12,3,3
2015/12/31,0,10,3,3
2016/1/1,4,11,3,3
2016/1/2,7,15,3,3
2016/1/3,7,16,3,3
2016/1/4,6,13,3.5,4.5
2016/1/5,6,8,4.5,4.5
2016/1/6,3,8,3.5,3.5
2016/1/7,-1,8,3.5,3.5
2016/1/8,-1,7,3,3
2016/1/9,3,9,3,3
2016/1/10,3,10,3.5,3.5
2016/1/11,0,6,4.5,4.5
2016/1/12,-2,4,3.5,3.5
2016/1/13,-3,5,3.5,3
2016/1/14,-2,8,3,3
2016/1/15,-2,9,3,3
2016/1/16,3,11,3,3
2016/1/17,-1,8,4.5,4.5
2016/1/18,-4,5,4.5,3.5
2016/1/19,-4,4,3.5,3.5
2016/1/20,0,4,3.5,3.5
2016/1/21,-1,1,3.5,3.5
2016/1/22,-5,2,4.5,4.5
2016/1/23,-9,0,5.5,5.5
2016/1/24,-8,-5,5.5,5.5
2016/1/25,-6,2,3.5,3.5
2016/1/26,-2,6,3.5,3
2016/1/27,4,8,3,3
2016/1/28,3,6,3.5,3.5
2016/1/29,0,5,4.5,4.5
2016/1/30,-1,4,3.5,3.5
2016/1/31,-3,4,3.5,4.5
2016/2/1,-4,2,3.5,3.5
2016/2/2,-4,5,3,3
2016/2/3,-3,7,3,3
2016/2/4,-1,7,3,3
2016/2/5,-2,9,3.5,3.5
2016/2/6,-3,7,3.5,3.5
2016/2/7,-2,11,3.5,3.5
2016/2/8,3,15,3.5,3.5
2016/2/9,6,17,3.5,3.5
2016/2/10,11,21,3.5,3.5
2016/2/11,11,20,3,3
2016/2/12,6,16,3.5,4.5
2016/2/13,1,11,5.5,5.5
2016/2/14,-4,5,4.5,3.5
2016/2/15,-1,7,3.5,3.5
2016/2/16,1,10,3.5,3
2016/2/17,3,12,3,3.5
2016/2/18,4,16,3.5,3.5
2016/2/19,3,13,3.5,3.5
2016/2/20,0,12,3.5,3.5
2016/2/21,5,11,3.5,3.5
2016/2/22,4,8,3.5,3
2016/2/23,1,11,4.5,3.5
2016/2/24,1,10,3.5,3
2016/2/25,3,13,3,3
2016/2/26,6,17,3.5,3
2016/2/27,8,19,3.5,3.5
2016/2/28,2,16,4.5,3.5
2016/2/29,0,11,3.5,3.5
2016/3/1,4,13,3.5,3
2016/3/2,7,18,3,3
2016/3/3,11,19,3,3
2016/3/4,13,20,3.5,3.5
2016/3/5,10,19,3.5,3.5
2016/3/6,9,20,3.5,3.5
2016/3/7,3,21,3.5,4.5
2016/3/8,2,8,4.5,5.5
2016/3/9,1,7,4.5,4.5
2016/3/10,0,7,4.5,3.5
2016/3/11,2,11,3,3.5
2016/3/12,7,14,3.5,3.5
2016/3/13,5,15,3.5,3
2016/3/14,4,14,3.5,3.5
2016/3/15,6,14,3.5,3.5
2016/3/16,10,18,3,3
2016/3/17,12,17,3,3
2016/3/18,12,18,3,3
2016/3/19,8,19,3.5,3.5
2016/3/20,7,18,3.5,3.5
2016/3/21,8,17,3.5,3.5
2016/3/22,10,16,3.5,3.5
2016/3/23,4,14,4.5,4.5
2016/3/24,4,12,4.5,3.5
2016/3/25,3,15,3.5,3
2016/3/26,4,15,3.5,3.5
2016/3/27,6,18,3.5,3.5
2016/3/28,10,21,3.5,3.5
2016/3/29,13,21,3.5,3
2016/3/30,13,19,3,3
2016/3/31,10,19,3.5,3
2016/4/1,14,25,3.5,3.5
2016/4/2,13,21,3.5,3.5
2016/4/3,10,15,4.5,3.5
2016/4/4,11,18,3.5,3.5
2016/4/5,13,18,3.5,3.5
2016/4/6,12,16,4.5,3.5
2016/4/7,12,19,3,3
2016/4/8,13,24,3,3
2016/4/9,14,24,3,3
2016/4/10,12,25,3,3.5
2016/4/11,14,21,3.5,3.5
2016/4/12,16,24,3.5,3
2016/4/13,17,27,3,3
2016/4/14,16,28,3.5,3.5
2016/4/15,16,24,4.5,3.5
2016/4/16,12,20,4.5,3.5
2016/4/17,11,20,3.5,3
2016/4/18,12,23,4.5,3.5
2016/4/19,15,24,4.5,4.5
2016/4/20,15,18,4.5,3.5
2016/4/21,15,25,3.5,3.5
2016/4/22,15,27,3.5,3.5
2016/4/23,14,17,4.5,3.5
2016/4/24,13,18,3.5,3.5
2016/4/25,14,21,3.5,3.5
2016/4/26,12,17,3.5,3.5
2016/4/27,11,15,3.5,3.5
2016/4/28,12,23,3.5,3
2016/4/29,15,25,3.5,3.5
2016/4/30,17,28,3.5,3.5
2016/5/1,20,29,3.5,3.5
2016/5/2,16,25,3.5,3.5
2016/5/3,14,25,4.5,3.5
2016/5/4,19,29,3.5,3.5
2016/5/5,20,25,3.5,3.5
2016/5/6,18,27,3.5,3.5
2016/5/7,14,20,3.5,3.5
2016/5/8,15,19,3.5,3
2016/5/9,14,20,3.5,3.5
2016/5/10,13,22,3.5,3.5
2016/5/11,15,27,3.5,3.5
2016/5/12,17,30,3.5,4.5
2016/5/13,15,23,4.5,3.5
2016/5/14,15,25,3.5,3.5
2016/5/15,12,16,4.5,3.5
2016/5/16,13,25,3,3
2016/5/17,14,26,3.5,3.5
2016/5/18,15,25,3.5,3.5
2016/5/19,18,26,3.5,3.5
2016/5/20,17,23,4.5,4.5
2016/5/21,17,19,4.5,4.5
2016/5/22,16,20,4.5,3.5
2016/5/23,16,23,3,3
2016/5/24,17,26,3.5,3.5
2016/5/25,21,28,3,3.5
2016/5/26,19,26,3.5,3.5
2016/5/27,19,22,3.5,3.5
2016/5/28,19,23,3,3.5
2016/5/29,17,24,3.5,3.5
2016/5/30,21,27,3.5,3
2016/5/31,20,28,3.5,4.5
2016/6/1,17,22,4.5,3.5
2016/6/2,19,25,3,3.5
2016/6/3,17,20,3.5,3.5
2016/6/4,16,24,3.5,3
2016/6/5,19,27,3.5,4.5
2016/6/6,19,28,3.5,4.5
2016/6/7,21,27,3,3
2016/6/8,19,26,3.5,3.5
2016/6/9,20,27,3.5,3
2016/6/10,22,30,3.5,3.5
2016/6/11,23,30,3,3.5
2016/6/12,20,27,3.5,3
2016/6/13,22,30,3,3.5
2016/6/14,25,33,3.5,3
2016/6/15,21,31,3.5,3.5
2016/6/16,21,29,3.5,3.5
2016/6/17,22,32,3.5,3.5
2016/6/18,24,32,3.5,3.5
2016/6/19,25,30,3.5,3.5
2016/6/20,24,28,3.5,3.5
2016/6/21,26,31,3.5,3.5
2016/6/22,25,32,3.5,3
2016/6/23,24,33,3.5,3.5
2016/6/24,21,28,3.5,3
2016/6/25,19,27,3.5,3.5
2016/6/26,21,28,3.5,3.5
2016/6/27,20,25,3.5,3.5
2016/6/28,21,24,3.5,3.5
2016/6/29,22,29,3.5,3.5
2016/6/30,25,32,3.5,3.5
2016/7/1,25,28,4.5,3.5
2016/7/2,22,24,4.5,3.5
2016/7/3,22,25,3.5,4.5
2016/7/4,23,25,4.5,3.5
2016/7/5,23,27,3.5,3.5
2016/7/6,25,27,3.5,3.5
2016/7/7,24,29,3.5,4.5
2016/7/8,25,32,3.5,3.5
2016/7/9,24,30,3.5,4.5
2016/7/10,24,29,4.5,5.5
2016/7/11,24,30,4.5,3
2016/7/12,26,32,3,3
2016/7/13,26,32,3.5,3.5
2016/7/14,25,30,3,3
2016/7/15,22,30,3.5,3.5
2016/7/16,23,29,3.5,3.5
2016/7/17,24,31,3.5,3.5
2016/7/18,25,30,3.5,3.5
2016/7/19,27,32,3.5,3.5
2016/7/20,28,35,4.5,3.5
2016/7/21,28,35,4.5,3.5
2016/7/22,29,36,4.5,3.5
2016/7/23,28,38,3.5,3
2016/7/24,29,38,3.5,3
2016/7/25,29,39,3.5,3
2016/7/26,29,39,3.5,3
2016/7/27,30,37,3.5,3
2016/7/28,29,38,3.5,3
2016/7/29,29,38,3.5,3
2016/7/30,28,37,3.5,3
2016/7/31,28,36,3.5,3.5
2016/8/1,27,36,3.5,3.5
2016/8/2,26,35,3.5,3.5
2016/8/3,25,31,3.5,3.5
2016/8/4,26,31,3.5,3.5
2016/8/5,26,32,3.5,3.5
2016/8/6,26,32,3.5,3
2016/8/7,26,33,3.5,3.5
2016/8/8,27,34,3.5,3.5
2016/8/9,27,34,4.5,3.5
2016/8/10,27,34,4.5,3.5
2016/8/11,27,35,4.5,3.5
2016/8/12,27,35,3.5,3.5
2016/8/13,28,35,3.5,3.5
2016/8/14,27,36,3.5,3.5
2016/8/15,27,35,3.5,3.5
2016/8/16,27,35,3.5,3.5
2016/8/17,27,35,3.5,3.5
2016/8/18,28,36,3.5,3.5
2016/8/19,28,37,3,3
2016/8/20,27,35,3.5,3
2016/8/21,27,33,3.5,3
2016/8/22,27,34,3.5,3.5
2016/8/23,26,34,3.5,3.5
2016/8/24,25,34,3.5,3.5
2016/8/25,25,34,3.5,3.5
2016/8/26,23,29,4.5,4.5
2016/8/27,20,29,4.5,3.5
2016/8/28,19,30,3.5,3.5
2016/8/29,20,30,3.5,3.5
2016/8/30,21,31,3.5,3.5
2016/8/31,22,32,4.5,4.5
2016/9/1,22,33,4.5,3.5
2016/9/2,22,34,3.5,3.5
2016/9/3,23,34,4.5,3.5
2016/9/4,22,32,3.5,3
2016/9/5,24,33,3,3
2016/9/6,22,27,3.5,3
2016/9/7,22,29,3,3
2016/9/8,21,30,3,3
2016/9/9,23,32,3.5,3.5
2016/9/10,21,30,3.5,3.5
2016/9/11,20,30,3.5,3
2016/9/12,20,30,3.5,3
2016/9/13,21,30,3.5,3.5
2016/9/14,21,29,3.5,3.5
2016/9/15,22,24,4.5,4.5
2016/9/16,21,23,5.5,5.5
2016/9/17,20,27,4.5,4.5
2016/9/18,20,28,4.5,4.5
2016/9/19,17,26,4.5,4.5
2016/9/20,18,25,3.5,3.5
2016/9/21,18,25,3.5,3.5
2016/9/22,18,26,3.5,3.5
2016/9/23,19,28,3.5,3.5
2016/9/24,21,29,3.5,3.5
2016/9/25,22,29,3.5,3.5
2016/9/26,23,30,3.5,3.5
2016/9/27,23,30,4.5,4.5
2016/9/28,19,23,4.5,4.5
2016/9/29,18,20,4.5,4.5
2016/9/30,19,21,4.5,3.5
2016/10/1,19,24,3,3
2016/10/2,20,24,3,3
2016/10/3,18,26,3,3
2016/10/4,18,27,3,3
2016/10/5,20,27,3,3.5
2016/10/6,19,25,3.5,3.5
2016/10/7,17,20,3.5,3.5
2016/10/8,14,22,4.5,4.5
2016/10/9,14,21,4.5,3.5
2016/10/10,16,20,3.5,3.5
2016/10/11,16,20,3.5,3.5
2016/10/12,16,19,3.5,3
2016/10/13,16,20,3.5,3.5
2016/10/14,17,19,3.5,3.5
2016/10/15,18,22,4.5,3.5
2016/10/16,17,24,3.5,3
2016/10/17,18,23,3,3.5
2016/10/18,18,22,3.5,3.5
2016/10/19,19,23,3.5,3.5
2016/10/20,19,21,4.5,3.5
2016/10/21,19,21,4.5,4.5
2016/10/22,18,21,4.5,4.5
2016/10/23,15,20,4.5,3.5
2016/10/24,16,21,3.5,3.5
2016/10/25,15,18,3.5,3.5
2016/10/26,16,18,3.5,4.5
2016/10/27,13,18,4.5,3.5
2016/10/28,11,15,4.5,4.5
2016/10/29,8,12,3.5,3
2016/10/30,13,17,3.5,3.5
2016/10/31,7,14,4.5,4.5
2016/11/1,5,15,3.5,3
2016/11/2,8,16,3,3
2016/11/3,8,18,3,3
2016/11/4,10,21,3.5,3
2016/11/5,11,23,3.5,3
2016/11/6,13,23,3.5,3.5
2016/11/7,11,18,3.5,4.5
2016/11/8,7,11,4.5,3.5
2016/11/9,8,12,3.5,3.5
2016/11/10,6,12,3.5,3
2016/11/11,9,18,3,3
2016/11/12,11,18,3.5,3
2016/11/13,13,20,3,3
2016/11/14,11,21,3.5,3.5
2016/11/15,9,17,3.5,3.5
2016/11/16,11,15,3.5,3
2016/11/17,14,16,3.5,3.5
2016/11/18,15,19,3,3
2016/11/19,15,19,3,3.5
2016/11/20,14,18,3.5,3.5
2016/11/21,9,16,4.5,4.5
2016/11/22,2,6,5.5,5.5
2016/11/23,-1,3,4.5,3.5
2016/11/24,-1,5,3.5,3.5
2016/11/25,4,9,3.5,3.5
2016/11/26,1,9,3.5,3.5
2016/11/27,3,13,3.5,3.5
2016/11/28,3,12,3.5,3.5
2016/11/29,7,12,3.5,3.5
2016/11/30,4,13,3.5,3.5
2016/12/1,4,14,3,3
2016/12/2,5,14,3.5,3
2016/12/3,7,14,3.5,3.5
2016/12/4,6,17,3.5,3.5
2016/12/5,4,18,4.5,4.5
2016/12/6,2,10,3.5,3.5
2016/12/7,4,14,3.5,3.5
2016/12/8,5,17,3.5,3.5
2016/12/9,5,13,3.5,3.5
2016/12/10,6,11,3.5,3.5
2016/12/11,7,12,4.5,3.5
2016/12/12,9,14,3.5,3.5
2016/12/13,3,11,4.5,5.5
2016/12/14,-2,6,4.5,3.5
2016/12/15,0,8,3.5,3.5
2016/12/16,-1,9,3.5,3.5
2016/12/17,1,12,3.5,3.5
2016/12/18,4,14,3,3
2016/12/19,9,16,3.5,3
2016/12/20,10,12,3.5,3.5
2016/12/21,6,12,4.5,4.5
2016/12/22,2,11,4.5,3.5
2016/12/23,3,10,3.5,3.5
2016/12/24,4,7,3.5,3.5
2016/12/25,7,9,3.5,3.5
2016/12/26,2,8,3.5,4.5
2016/12/27,-2,6,4.5,3.5
2016/12/28,-2,7,3,3
2016/12/29,-1,7,3.5,3
2016/12/30,0,9,3,3
2016/12/31,1,12,3,3.5
2017/1/1,4,15,3.5,3
2017/1/2,4,14,3,3
2017/1/3,5,13,3,3
2017/1/4,9,12,3,3.5
2017/1/5,8,11,3.5,4.5
2017/1/6,7,11,4.5,4.5
2017/1/7,6,11,4.5,4.5
2017/1/8,1,8,4.5,3.5
2017/1/9,2,8,3.5,3.5
2017/1/10,4,8,3.5,3
2017/1/11,4,8,3,3
2017/1/12,0,10,3.5,3.5
2017/1/13,-1,11,3.5,3.5
2017/1/14,0,7,3.5,3.5
2017/1/15,0,6,3.5,3.5
2017/1/16,2,8,3.5,3.5
2017/1/17,3,9,3.5,3.5
2017/1/18,5,7,3.5,3
2017/1/19,-2,8,3.5,5.5
2017/1/20,-4,3,5.5,4.5
2017/1/21,-3,7,3.5,3
2017/1/22,-3,6,3.5,3.5
2017/1/23,-1,7,3.5,3.5
2017/1/24,0,8,3.5,3.5
2017/1/25,1,10,3.5,3.5
2017/1/26,2,14,3.5,3.5
2017/1/27,3,10,4.5,3.5
2017/1/28,6,13,3.5,3.5
2017/1/29,-1,12,4.5,4.5
2017/1/30,-3,5,4.5,3.5
2017/1/31,0,6,3.5,3
2017/2/1,-2,5,3.5,3
2017/2/2,1,8,3.5,3.5
2017/2/3,5,6,3.5,3.5
2017/2/4,3,8,3.5,3.5
2017/2/5,2,12,3.5,3.5
2017/2/6,0,10,4.5,4.5
2017/2/7,2,8,3.5,3.5
2017/2/8,-2,2,4.5,3.5
2017/2/9,-3,6,4.5,3.5
2017/2/10,-4,7,3.5,3.5
2017/2/11,-2,8,3.5,3
2017/2/12,0,12,3.5,3.5
2017/2/13,2,15,3,3
2017/2/14,5,16,3.5,3.5
2017/2/15,6,16,3.5,3.5
2017/2/16,8,17,3.5,3.5
2017/2/17,2,10,5.5,3.5
2017/2/18,3,13,3.5,3.5
2017/2/19,6,21,4.5,3.5
2017/2/20,2,9,5.5,4.5
2017/2/21,3,9,5.5,5.5
2017/2/22,0,5,4.5,4.5
2017/2/23,1,8,3.5,3
2017/2/24,0,10,3.5,3.5
2017/2/25,2,13,3,3
2017/2/26,2,15,3,3
2017/2/27,4,15,3,3
2017/2/28,6,16,3.5,3
2017/3/1,1,15,5.5,4.5
2017/3/2,1,11,3.5,3.5
2017/3/3,3,15,3.5,3.5
2017/3/4,8,18,3.5,3
2017/3/5,6,17,3.5,4.5
2017/3/6,3,13,3.5,3
2017/3/7,2,16,3.5,3.5
2017/3/8,3,14,4.5,3.5
2017/3/9,7,18,3.5,3.5
2017/3/10,9,19,3.5,3.5
2017/3/11,10,19,3.5,3.5
2017/3/12,7,17,4.5,5.5
2017/3/13,2,8,5.5,3.5
2017/3/14,2,13,3.5,3
2017/3/15,6,15,3.5,3.5
2017/3/16,4,13,3.5,3.5
2017/3/17,8,15,3.5,3.5
2017/3/18,8,14,3.5,3.5
2017/3/19,8,12,4.5,4.5
2017/3/20,6,11,3.5,3.5
2017/3/21,7,15,3.5,4.5
2017/3/22,7,9,4.5,3.5
2017/3/23,7,9,3.5,3.5
2017/3/24,6,10,3.5,3.5
2017/3/25,6,16,3.5,3.5
2017/3/26,6,18,4.5,3.5
2017/3/27,9,20,3.5,3.5
2017/3/28,7,23,5.5,4.5
2017/3/29,9,17,3.5,3.5
2017/3/30,9,13,4.5,3.5
2017/3/31,6,15,4.5,3.5
2017/4/1,8,18,4.5,3.5
2017/4/2,10,22,3.5,3.5
2017/4/3,13,23,4.5,3.5
2017/4/4,15,19,4.5,3.5
2017/4/5,15,19,3.5,3.5
2017/4/6,13,17,4.5,3.5
2017/4/7,14,19,3,3
2017/4/8,11,21,3.5,4.5
2017/4/9,9,13,5.5,3.5
2017/4/10,8,11,3.5,3.5
2017/4/11,9,16,3.5,3.5
2017/4/12,8,20,3.5,3.5
2017/4/13,13,23,3.5,3.5
2017/4/14,15,27,4.5,3.5
2017/4/15,18,29,3.5,3.5
2017/4/16,18,28,3.5,4.5
2017/4/17,17,25,4.5,4.5
2017/4/18,14,27,4.5,3.5
2017/4/19,17,27,4.5,4.5
2017/4/20,15,23,4.5,3.5
2017/4/21,10,21,5.5,3.5
2017/4/22,10,21,3,3
2017/4/23,13,25,3.5,3
2017/4/24,17,28,3.5,3.5
2017/4/25,16,25,4.5,4.5
2017/4/26,11,20,4.5,3.5
2017/4/27,12,23,3.5,3.5
2017/4/28,14,27,4.5,3.5
2017/4/29,16,29,4.5,3.5
2017/4/30,16,30,3.5,3.5
2017/5/1,19,30,3.5,3.5
2017/5/2,16,19,4.5,4.5
2017/5/3,17,22,4.5,4.5
2017/5/4,16,21,4.5,3.5
2017/5/5,16,25,4.5,3.5
2017/5/6,18,24,3.5,3.5
2017/5/7,17,27,3.5,3.5
2017/5/8,15,17,3.5,3.5
2017/5/9,15,23,4.5,3.5
2017/5/10,19,30,5.5,3.5
2017/5/11,18,28,3.5,3
2017/5/12,18,29,3.5,3.5
2017/5/13,20,33,3.5,3.5
2017/5/14,18,30,3.5,3.5
2017/5/15,16,26,3.5,4.5
2017/5/16,15,25,3.5,3.5
2017/5/17,16,28,3.5,3.5
2017/5/18,19,30,3.5,3.5
2017/5/19,19,28,3.5,3.5
2017/5/20,19,29,3.5,3.5
2017/5/21,20,30,3.5,3.5
2017/5/22,21,30,3.5,3.5
2017/5/23,18,24,4.5,3.5
2017/5/24,15,25,3.5,3.5
2017/5/25,17,30,3.5,3.5
2017/5/26,18,30,3.5,3.5
2017/5/27,20,33,3.5,3.5
2017/5/28,20,34,3.5,3.5
2017/5/29,21,34,4.5,3.5
2017/5/30,23,33,3.5,3.5
2017/5/31,24,33,3.5,3
2017/6/1,22,33,3,3.5
2017/6/2,21,33,3.5,3.5
2017/6/3,20,32,3.5,3.5
2017/6/4,20,30,4.5,4.5
2017/6/5,18,22,5.5,4.5
2017/6/6,18,23,5.5,3.5
2017/6/7,20,29,3.5,3.5
2017/6/8,22,31,3,3.5
2017/6/9,23,31,3.5,4.5
2017/6/10,20,25,5.5,4.5
2017/6/11,21,29,4.5,3.5
2017/6/12,20,26,3.5,3.5
2017/6/13,20,25,4.5,3.5
2017/6/14,19,27,3.5,3.5
2017/6/15,19,28,3.5,3.5
2017/6/16,19,29,3.5,3.5
2017/6/17,19,29,4.5,3.5
2017/6/18,21,29,4.5,3.5
2017/6/19,22,30,3.5,3.5
2017/6/20,22,27,3.5,3.5
2017/6/21,23,28,4.5,3.5
2017/6/22,23,28,3.5,3.5
2017/6/23,22,27,3.5,3.5
2017/6/24,22,29,3.5,3.5
2017/6/25,22,29,3,3.5
2017/6/26,23,30,3.5,3
2017/6/27,23,31,3.5,3.5
2017/6/28,23,30,3.5,3.5
2017/6/29,24,30,3.5,3.5
2017/6/30,24,28,3.5,3.5
2017/7/1,24,26,3.5,3.5
2017/7/2,23,26,3.5,3.5
2017/7/3,24,31,3.5,3.5
2017/7/4,25,31,3.5,3.5
2017/7/5,26,34,4.5,3.5
2017/7/6,27,33,3.5,3
2017/7/7,27,33,4.5,3.5
2017/7/8,27,32,3.5,3
2017/7/9,26,32,3.5,3.5
2017/7/10,24,29,4.5,3.5
2017/7/11,26,32,3.5,3.5
2017/7/12,27,33,3.5,3.5
2017/7/13,28,34,4.5,3.5
2017/7/14,27,34,3.5,3
2017/7/15,27,36,4.5,3.5
2017/7/16,28,37,4.5,3.5
2017/7/17,28,37,3.5,3.5
2017/7/18,28,36,4.5,3.5
2017/7/19,28,36,4.5,3.5
2017/7/20,28,37,4.5,3.5
2017/7/21,29,38,4.5,3.5
2017/7/22,29,39,4.5,3
2017/7/23,30,40,3.5,3
2017/7/24,29,39,3.5,3
2017/7/25,29,40,3.5,3.5
2017/7/26,29,38,3.5,3
2017/7/27,29,39,3.5,3
2017/7/28,29,39,3.5,3.5
2017/7/29,28,36,3.5,3.5
2017/7/30,28,35,4.5,4.5
2017/7/31,29,35,5.5,5.5
2017/8/1,28,33,5.5,4.5
2017/8/2,27,31,5.5,4.5
2017/8/3,27,32,4.5,3.5
2017/8/4,28,35,3.5,3
2017/8/5,28,36,3.5,3.5
2017/8/6,29,37,3.5,3.5
2017/8/7,28,36,3.5,3.5
2017/8/8,24,28,4.5,4.5
2017/8/9,24,29,3.5,3.5
2017/8/10,27,34,3.5,3
2017/8/11,27,35,3.5,3
2017/8/12,26,31,4.5,3.5
2017/8/13,25,29,4.5,3.5
2017/8/14,24,31,3.5,3.5
2017/8/15,25,32,3.5,3
2017/8/16,25,28,3.5,3.5
2017/8/17,24,32,3,3
2017/8/18,25,32,3.5,3.5
2017/8/19,25,33,3.5,3.5
2017/8/20,24,29,3.5,3.5
2017/8/21,26,33,3,3.5
2017/8/22,27,34,3.5,3.5
2017/8/23,28,36,4.5,3.5
2017/8/24,26,35,3.5,3
2017/8/25,25,31,3.5,4.5
2017/8/26,23,28,4.5,3.5
2017/8/27,26,33,3.5,3.5
2017/8/28,26,35,3.5,4.5
2017/8/29,23,28,4.5,4.5
2017/8/30,22,25,4.5,3.5
2017/8/31,20,23,3.5,3.5
2017/9/1,20,27,3.5,3.5
2017/9/2,22,25,3.5,3.5
2017/9/3,21,24,4.5,4.5
2017/9/4,22,26,3.5,3
2017/9/5,23,31,3.5,3
2017/9/6,22,26,3.5,3.5
2017/9/7,20,27,3.5,3.5
2017/9/8,22,30,3.5,3.5
2017/9/9,23,27,3.5,3.5
2017/9/10,21,29,3.5,3.5
2017/9/11,19,24,3.5,3.5
2017/9/12,20,28,3.5,3.5
2017/9/13,19,29,3.5,4.5
2017/9/14,21,29,4.5,4.5
2017/9/15,20,27,4.5,4.5
2017/9/16,18,27,3.5,3
2017/9/17,19,29,3.5,3
2017/9/18,20,30,3,3
2017/9/19,22,28,3,3
2017/9/20,19,23,3.5,3.5
2017/9/21,20,26,3.5,3.5
2017/9/22,21,26,3.5,3.5
2017/9/23,20,25,3.5,3.5
2017/9/24,20,22,3.5,3.5
2017/9/25,22,25,4.5,4.5
2017/9/26,23,29,3.5,3
2017/9/27,18,25,4.5,3.5
2017/9/28,17,25,3.5,3.5
2017/9/29,19,23,3.5,3.5
2017/9/30,20,23,3.5,4.5
2017/10/1,21,28,3.5,3.5
2017/10/2,19,23,4.5,4.5
2017/10/3,16,22,4.5,4.5
2017/10/4,15,19,4.5,4.5
2017/10/5,13,16,3.5,3.5
2017/10/6,14,23,3.5,3.5
2017/10/7,18,24,3.5,3.5
2017/10/8,19,28,3,3
2017/10/9,22,29,3.5,3.5
2017/10/10,20,28,3.5,4.5
2017/10/11,14,18,4.5,4.5
2017/10/12,13,15,4.5,3.5
2017/10/13,15,20,3.5,3.5
2017/10/14,16,19,4.5,4.5
2017/10/15,14,18,4.5,4.5
2017/10/16,15,18,4.5,4.5
2017/10/17,15,18,4.5,3.5
2017/10/18,14,18,3.5,3
2017/10/19,13,19,3.5,3
2017/10/20,12,21,3.5,3.5
2017/10/21,12,23,3.5,3.5
2017/10/22,11,22,3.5,3.5
2017/10/23,11,19,3.5,3
2017/10/24,9,19,3.5,3.5
2017/10/25,12,20,3.5,3.5
2017/10/26,11,21,3.5,3.5
2017/10/27,11,23,3.5,3.5
2017/10/28,12,22,3.5,3.5
2017/10/29,7,18,5.5,4.5
2017/10/30,7,15,3.5,3
2017/10/31,9,18,3.5,3
2017/11/1,10,21,3.5,3
2017/11/2,11,23,3.5,3.5
2017/11/3,8,20,5.5,4.5
2017/11/4,6,15,3.5,3.5
2017/11/5,9,17,3.5,3
2017/11/6,12,21,3.5,3
2017/11/7,12,22,3.5,3.5
2017/11/8,10,22,3.5,3.5
2017/11/9,11,21,3.5,3.5
2017/11/10,7,20,4.5,4.5
2017/11/11,11,16,3.5,3
2017/11/12,12,18,3.5,3
2017/11/13,10,18,3,3
2017/11/14,11,18,3,3
2017/11/15,12,18,3.5,3.5
2017/11/16,14,17,3.5,3.5
2017/11/17,6,16,4.5,5.5
2017/11/18,3,10,5.5,4.5
2017/11/19,4,10,3.5,3.5
2017/11/20,3,12,3.5,3.5
2017/11/21,7,13,3.5,3
2017/11/22,2,14,4.5,4.5
2017/11/23,3,13,3.5,3
2017/11/24,5,14,3,3.5
2017/11/25,6,17,3.5,3.5
2017/11/26,3,15,3.5,3.5
2017/11/27,9,15,3.5,3.5
2017/11/28,10,16,3.5,3.5
2017/11/29,6,12,4.5,4.5
2017/11/30,3,10,4.5,3.5
2017/12/1,3,10,3.5,3.5
2017/12/2,4,14,3.5,3.5
2017/12/3,5,14,3.5,3.5
2017/12/4,0,12,4.5,3.5
2017/12/5,0,9,3.5,3.5
2017/12/6,2,11,3.5,3
2017/12/7,0,13,3.5,4.5
2017/12/8,-1,7,3.5,3
2017/12/9,1,9,3.5,3.5
2017/12/10,-2,12,4.5,4.5
2017/12/11,1,11,3.5,3.5
2017/12/12,2,9,4.5,4.5
2017/12/13,4,9,4.5,4.5
2017/12/14,4,6,4.5,3.5
2017/12/15,3,7,3.5,3.5
2017/12/16,-4,7,4.5,4.5
2017/12/17,-3,4,3.5,3.5
2017/12/18,-2,8,3.5,3.5
2017/12/19,-2,9,3.5,3
2017/12/20,-2,10,4.5,3.5
2017/12/21,-1,12,3.5,3.5
2017/12/22,2,14,3.5,3
2017/12/23,5,13,3.5,4.5
2017/12/24,-2,11,4.5,3.5
2017/12/25,-1,9,3.5,3.5
2017/12/26,1,12,3.5,3.5
2017/12/27,4,11,3.5,3.5
2017/12/28,7,10,3.5,3
2017/12/29,8,12,3,3
2017/12/30,0,10,4.5,3.5
2017/12/31,-1,9,3,3
2018/1/1,2,12,3.5,3.5
2018/1/1,2,12,3.5,3.5
2018/1/2,6,11,3.5,4.5
2018/1/3,0,5,5.5,4.5
2018/1/4,-1,1,4.5,4.5
2018/1/5,-6,1,3.5,3
2018/1/6,-1,4,3.5,3.5
2018/1/7,-1,4,3.5,3.5
2018/1/8,-6,2,5.5,4.5
2018/1/9,-4,5,3.5,3.5
2018/1/10,-3,6,3.5,3.5
2018/1/11,-5,6,3.5,3.5
2018/1/12,-5,4,3.5,3.5
2018/1/13,-3,7,3.5,3.5
2018/1/14,1,11,3.5,3.5
2018/1/15,2,14,3.5,3.5
2018/1/16,2,10,3,3
2018/1/17,2,11,3,3
2018/1/18,4,11,3.5,3
2018/1/19,2,8,3,3
2018/1/20,3,9,3,3
2018/1/21,3,9,3,3
2018/1/22,1,12,2,2
2018/1/23,-1,6,4.5,4.5
2018/1/24,-1,3,4.5,4.5
2018/1/25,-3,0,5.5,4.5
2018/1/26,-3,-1,4.5,3.5
2018/1/27,-2,-1,4.5,4.5
2018/1/28,-7,-1,4.5,3.5
2018/1/29,-6,1,3.5,3.5
2018/1/30,-7,1,3.5,3.5
2018/1/31,-8,2,3,3
2018/2/1,-4,3,3,3
2018/2/2,-5,5,4.5,3.5
2018/2/3,-7,2,3.5,3.5
2018/2/4,-6,3,3.5,3
2018/2/5,-5,5,3.5,3.5
2018/2/6,-4,4,3.5,3.5
2018/2/7,-4,6,3.5,3.5
2018/2/8,-1,6,3.5,3.5
2018/2/9,3,9,3,3.5
2018/2/10,-2,7,4.5,3.5
2018/2/11,-4,9,4.5,3.5
2018/2/12,-3,8,4.5,3.5
2018/2/13,1,13,4.5,3.5
2018/2/14,5,17,3.5,3.5
2018/2/15,4,7,3.5,3.5
2018/2/16,2,12,3,4.5
2018/2/17,4,12,4.5,4.5
2018/2/18,5,8,3.5,3.5
2018/2/19,3,7,3.5,3.5
2018/2/20,3,7,4.5,3.5
2018/2/21,3,7,3.5,3.5
2018/2/22,2,15,3.5,4.5
2018/2/23,4,15,3.5,3
2018/2/24,6,12,3.5,3.5
2018/2/25,2,12,3.5,3.5
2018/2/26,5,15,3.5,3.5
2018/2/27,10,17,4.5,4.5
2018/2/28,7,13,5.5,3.5
2018/3/1,4,13,4.5,4.5
2018/3/2,5,12,4.5,3.5
2018/3/3,9,20,3.5,3.5
2018/3/4,7,23,3.5,5.5
2018/3/5,3,12,4.5,3.5
2018/3/6,5,8,4.5,4.5
2018/3/7,4,7,4.5,3.5
2018/3/8,-1,11,4.5,3.5
2018/3/9,1,10,3.5,3.5
2018/3/10,5,16,3.5,3.5
2018/3/11,8,20,3.5,3.5
2018/3/12,11,23,3.5,3.5
2018/3/13,14,25,3.5,3.5
2018/3/14,15,21,3.5,3.5
2018/3/15,7,21,3.5,5.5
2018/3/16,4,10,4.5,3.5
2018/3/17,7,16,4.5,4.5
2018/3/18,8,12,3.5,3.5
2018/3/19,3,10,3.5,3.5
2018/3/20,3,6,4.5,4.5
2018/3/21,2,11,4.5,3.5
2018/3/22,6,16,3.5,3.5
2018/3/23,10,21,3.5,3.5
2018/3/24,11,22,3.5,3.5
2018/3/25,11,24,3.5,3.5
2018/3/26,12,24,3.5,3.5
2018/3/27,13,25,3.5,3.5
2018/3/28,14,27,3.5,3.5
2018/3/29,15,26,3.5,3.5
2018/3/30,14,23,4.5,4.5
2018/3/31,14,26,3.5,3.5
2018/4/1,17,27,3.5,3.5
2018/4/2,18,27,3.5,3.5
2018/4/3,12,28,3.5,4.5
2018/4/4,10,13,5.5,4.5
2018/4/5,7,11,4.5,4.5
2018/4/6,5,16,5.5,4.5
2018/4/7,7,14,4.5,3.5
2018/4/8,10,22,4.5,3.5
2018/4/9,15,27,4.5,3.5
2018/4/10,18,29,4.5,3.5
2018/4/11,16,27,3.5,3.5
2018/4/12,14,21,4.5,4.5
2018/4/13,12,16,5.5,4.5
2018/4/14,9,15,4.5,3.5
2018/4/15,8,20,3.5,3.5
2018/4/16,9,22,3.5,3.5
2018/4/17,10,22,3.5,3.5
2018/4/18,13,26,3.5,3.5
2018/4/19,15,29,3.5,3.5
2018/4/20,18,30,4.5,3.5
2018/4/21,20,27,4.5,3.5
2018/4/22,17,25,3.5,4.5
2018/4/23,13,17,4.5,4.5
2018/4/24,12,19,4.5,3.5
2018/4/25,14,23,3.5,3
2018/4/26,14,23,3.5,3
2018/4/27,14,28,3.5,3.5
2018/4/28,18,29,3.5,3.5
2018/4/29,18,26,3.5,3.5
2018/4/30,20,30,3,3
2018/5/1,21,28,3,3.5
2018/5/2,13,25,4.5,3.5
2018/5/3,13,27,3.5,3.5
2018/5/4,18,28,4.5,4.5
2018/5/5,18,22,4.5,4.5
2018/5/6,16,23,4.5,5.5
2018/5/7,16,21,4.5,3.5
2018/5/8,12,23,3.5,3.5
2018/5/9,14,24,3.5,3.5
2018/5/10,16,24,4.5,4.5
2018/5/11,18,24,3.5,3
2018/5/12,18,22,3.5,3.5
2018/5/13,20,30,3.5,3.5
2018/5/14,24,32,3.5,3.5
2018/5/15,26,34,4.5,4.5
2018/5/16,25,35,4.5,3.5
2018/5/17,24,32,4.5,3
2018/5/18,19,30,4.5,4.5
2018/5/19,19,22,4.5,4.5
2018/5/20,18,24,4.5,3.5
2018/5/21,19,23,3.5,3
2018/5/22,18,24,3.5,3.5
2018/5/23,15,26,3.5,3.5
2018/5/24,20,26,3.5,3.5
2018/5/25,18,21,3.5,3.5
2018/5/26,19,24,3.5,3.5
2018/5/27,20,25,1.5,1.5
2018/5/28,22,30,3.5,3
2018/5/29,22,28,3,3
2018/5/30,22,27,3.5,3.5
2018/5/31,16,24,1.5,1.5
2018/6/1,19,30,3.5,3.5
2018/6/2,18,27,3.5,3.5
2018/6/3,19,28,3.5,3.5
2018/6/4,20,28,3.5,3.5
2018/6/5,20,30,3.5,3.5
2018/6/6,20,30,3.5,3.5
2018/6/7,21,32,3.5,3.5
2018/6/8,22,31,3.5,3.5
2018/6/9,19,22,3.5,3.5
2018/6/10,19,26,3.5,3.5
2018/6/11,22,32,3.5,3.5
2018/6/12,23,35,3.5,3.5
2018/6/13,23,35,3.5,3.5
2018/6/14,22,33,3.5,3.5
2018/6/15,22,33,3.5,3.5
2018/6/16,21,30,4.5,4.5
2018/6/17,21,30,4.5,3.5
2018/6/18,24,31,3.5,3.5
2018/6/19,22,28,3.5,3.5
2018/6/20,19,27,3.5,3.5
2018/6/21,21,30,3.5,3.5
2018/6/22,20,26,4.5,4.5
2018/6/23,21,28,3.5,3.5
2018/6/24,24,31,3.5,3.5
2018/6/25,27,34,3.5,3.5
2018/6/26,29,37,4.5,4.5
2018/6/27,28,34,4.5,4.5
2018/6/28,24,27,4.5,3.5
2018/6/29,24,33,3.5,3.5
2018/6/30,24,30,3.5,3.5
2018/7/1,24,32,3.5,3.5
2018/7/2,25,31,3.5,3.5
2018/7/3,25,31,3.5,3.5
2018/7/4,25,33,3,3.5
2018/7/5,25,27,3.5,3.5
2018/7/6,24,27,3.5,3.5
2018/7/7,25,30,4.5,4.5
2018/7/8,24,30,3.5,3.5
2018/7/9,27,34,3.5,3.5
2018/7/10,26,35,3.5,3.5
2018/7/11,27,33,5.5,5.5
2018/7/12,27,35,4.5,3.5
2018/7/13,27,35,4.5,4.5
2018/7/14,26,35,3.5,3.5
2018/7/15,27,36,3.5,3.5
2018/7/16,27,35,3.5,3.5
2018/7/17,26,35,4.5,4.5
2018/7/18,27,36,3.5,3.5
2018/7/19,26,35,3.5,3.5
2018/7/20,26,35,3.5,3.5
2018/7/21,26,34,3.5,3.5
2018/7/22,26,33,6.5,6.5
2018/7/23,27,33,4.5,3.5
2018/7/24,28,35,3.5,3.5
2018/7/25,28,36,3.5,3.5
2018/7/26,27,37,3.5,3.5
2018/7/27,27,36,3.5,3.5
2018/7/28,27,36,3.5,3.5
2018/7/29,27,36,3.5,3.5
2018/7/30,26,36,3.5,3.5
2018/7/31,26,35,3.5,3.5
2018/8/1,26,35,3.5,3.5
2018/8/2,26,35,3.5,3.5
2018/8/3,26,30,6.5,4.5
2018/8/4,27,33,3.5,3.5
2018/8/5,27,36,3.5,3.5
2018/8/6,28,36,3.5,3.5
2018/8/7,27,36,3.5,3.5
2018/8/8,27,36,3.5,3.5
2018/8/9,27,36,3.5,3.5
2018/8/10,28,36,3.5,3.5
2018/8/11,27,35,3.5,3.5
2018/8/12,26,31,4.5,5.5
2018/8/13,26,30,5.5,5.5
2018/8/14,27,34,4.5,4.5
2018/8/15,26,34,3.5,4.5
2018/8/16,26,33,4.5,4.5
2018/8/17,26,28,7.5,7.5
2018/8/18,27,33,5.5,4.5
2018/8/19,27,33,4.5,4.5
2018/8/20,27,33,3.5,3.5
2018/8/21,26,31,3.5,3.5
2018/8/22,25,30,4.5,4.5
2018/8/23,22,30,4.5,4.5
2018/8/24,23,31,3.5,3.5
2018/8/25,23,29,4.5,4.5
2018/8/26,26,31,4.5,4.5
2018/8/27,26,33,3.5,3.5
2018/8/28,26,34,3.5,3.5
2018/8/29,26,34,3.5,3.5
2018/8/30,26,34,3.5,3.5
2018/8/31,25,32,3.5,3.5
2018/9/1,25,30,3.5,3.5
2018/9/2,26,32,3.5,3.5
2018/9/3,24,32,4.5,4.5
2018/9/4,22,33,4.5,4.5
2018/9/5,22,32,3.5,3.5
2018/9/6,22,29,3.5,3.5
2018/9/7,18,27,4.5,4.5
2018/9/8,17,28,3.5,3.5
2018/9/9,19,28,3.5,3.5
2018/9/10,20,26,3.5,3.5
2018/9/11,21,28,3.5,3.5
2018/9/12,22,28,3.5,3.5
2018/9/13,22,26,3.5,3.5
2018/9/14,23,31,3.5,3.5
2018/9/15,24,31,3.5,3.5
2018/9/16,24,31,3.5,3.5
2018/9/17,23,27,4.5,4.5
2018/9/18,24,29,3.5,3.5
2018/9/19,24,32,3.5,3.5
2018/9/20,23,29,3.5,3.5
2018/9/21,21,25,3.5,3.5
2018/9/22,20,28,3.5,3.5
2018/9/23,18,27,3.5,3.5
2018/9/24,18,28,3.5,3.5
2018/9/25,19,25,3.5,3.5
2018/9/26,17,26,3.5,3.5
2018/9/27,18,27,3.5,3.5
2018/9/28,17,26,3.5,3.5
2018/9/29,17,27,3.5,3.5
2018/9/30,15,27,4.5,4.5
2018/10/1,14,25,3.5,3.5
2018/10/2,15,25,1.5,1.5
2018/10/3,14,27,3.5,3.5
2018/10/4,16,26,3.5,3.5
2018/10/5,16,25,4.5,4.5
2018/10/6,15,26,3.5,3.5
2018/10/7,17,26,3.5,3.5
2018/10/8,18,24,3.5,3.5
2018/10/9,13,24,3.5,3.5
2018/10/10,10,20,4.5,4.5
2018/10/11,9,21,3.5,3.5
2018/10/12,12,21,3.5,3.5
2018/10/13,14,22,3.5,3.5
2018/10/14,14,21,3.5,3.5
2018/10/15,15,21,3.5,3.5
2018/10/16,13,21,3.5,3.5
2018/10/17,12,22,3.5,3.5
2018/10/18,10,20,4.5,4.5
2018/10/19,12,20,3.5,3.5
2018/10/20,13,20,3.5,3.5
2018/10/21,16,21,3.5,3.5
2018/10/22,13,19,3.5,3.5
2018/10/23,13,24,3.5,3.5
2018/10/24,15,23,3.5,3.5
2018/10/25,16,20,3.5,3.5
2018/10/26,8,21,4.5,4.5
2018/10/27,9,20,3.5,3.5
2018/10/28,9,24,4.5,4.5
2018/10/29,11,24,3.5,3.5
2018/10/30,12,23,3.5,3.5
2018/10/31,10,21,3.5,3.5
2018/11/1,10,20,3.5,3.5
2018/11/2,12,20,3.5,3.5
2018/11/3,14,20,3.5,3.5
2018/11/4,15,23,3.5,3.5
2018/11/5,15,20,3.5,3.5
2018/11/6,13,17,3.5,3.5
2018/11/7,10,14,3.5,3.5
2018/11/8,6,13,5.5,5.5
2018/11/9,7,17,1.5,1.5
2018/11/10,12,18,3.5,3.5
2018/11/11,11,17,3.5,3.5
2018/11/12,10,17,3.5,3.5
2018/11/13,8,17,3.5,3.5
2018/11/14,11,18,1.5,1.5
2018/11/15,12,15,3.5,3.5
2018/11/16,8,16,4.5,4.5
2018/11/17,9,15,3.5,3.5
2018/11/18,5,10,3.5,3.5
2018/11/19,6,13,3.5,3.5
2018/11/20,9,16,3.5,3.5
2018/11/21,6,14,4.5,4.5
2018/11/22,5,13,3.5,3.5
2018/11/23,6,16,3.5,3.5
2018/11/24,6,18,1.5,1.5
2018/11/25,8,18,1.5,1.5
2018/11/26,8,18,1.5,1.5
2018/11/27,7,14,1.5,1.5
2018/11/28,8,18,1.5,1.5
2018/11/29,8,18,1.5,1.5
2018/11/30,9,18,1.5,1.5
2018/12/1,11,18,1.5,1.5
2018/12/2,11,16,1.5,1.5
2018/12/3,11,16,3.5,3.5
2018/12/4,7,10,4.5,4.5
2018/12/5,8,12,4.5,4.5
2018/12/6,3,8,4.5,4.5
2018/12/7,0,4,4.5,4.5
2018/12/8,0,2,4.5,4.5
2018/12/9,0,5,3.5,3.5
2018/12/10,3,6,3.5,3.5
2018/12/11,-2,6,4.5,4.5
2018/12/12,-3,5,3.5,3.5
2018/12/13,-2,7,1.5,1.5
2018/12/14,0,10,1.5,1.5
2018/12/15,3,8,3.5,3.5
2018/12/16,1,10,3.5,3.5
2018/12/17,1,13,3.5,3.5
2018/12/18,2,15,3.5,3.5
2018/12/19,7,12,3.5,3.5
2018/12/20,6,15,1.5,1.5
2018/12/21,9,14,1.5,1.5
2018/12/22,5,12,3.5,3.5
2018/12/23,2,11,4.5,4.5
2018/12/24,5,11,3.5,3.5
2018/12/25,7,10,3.5,3.5
2018/12/26,4,8,4.5,4.5
2018/12/27,-2,5,4.5,4.5
2018/12/28,-4,1,4.5,4.5
2018/12/29,-4,1,3.5,3.5
2018/12/30,-2,1,3.5,3.5
2018/12/31,-3,5,3.5,3.5
2019/1/1,-2,5,1.5,1.5
2019/1/2,0,4,3.5,3.5
2019/1/3,3,8,3.5,3.5
2019/1/4,4,7,3.5,3.5
2019/1/5,3,5,3.5,3.5
2019/1/6,2,4,1.5,1.5
2019/1/7,4,6,3.5,3.5
2019/1/8,2,6,3.5,3.5
2019/1/9,0,2,3.5,3.5
2019/1/10,2,4,3.5,3.5
2019/1/11,3,6,1.5,1.5
2019/1/12,1,6,1.5,1.5
2019/1/13,0,8,1.5,1.5
2019/1/14,2,8,1.5,1.5
2019/1/15,-2,6,1.5,1.5
2019/1/16,-2,4,3.5,3.5
2019/1/17,-1,8,1.5,1.5
2019/1/18,0,11,1.5,1.5
2019/1/19,1,8,1.5,1.5
2019/1/20,-2,7,1.5,1.5
2019/1/21,0,8,1.5,1.5
2019/1/22,-1,11,3.5,3.5
2019/1/23,-1,13,1.5,1.5
2019/1/24,2,14,1.5,1.5
2019/1/25,-2,10,4.5,4.5
2019/1/26,-2,4,3.5,3.5
2019/1/27,-1,9,1.5,1.5
2019/1/28,4,9,1.5,1.5
2019/1/29,5,9,1.5,1.5
2019/1/30,1,8,4.5,4.5
2019/1/31,-3,4,5.5,5.5
2019/2/1,1,7,3.5,3.5
2019/2/2,3,9,3.5,3.5
2019/2/3,0,8,1.5,1.5
2019/2/4,-1,10,3.5,3.5
2019/2/5,4,11,1.5,1.5
2019/2/6,6,16,3.5,3.5
2019/2/7,0,4,5.5,5.5
2019/2/8,-1,2,1.5,1.5
2019/2/9,-1,1,1.5,1.5
2019/2/10,-2,1,1.5,1.5
2019/2/11,0,4,1.5,1.5
2019/2/12,2,4,1.5,1.5
2019/2/13,2,6,1.5,1.5
2019/2/14,3,5,1.5,1.5
2019/2/15,2,6,1.5,1.5
2019/2/16,1,5,3.5,3.5
2019/2/17,2,7,3.5,3.5
2019/2/18,2,6,1.5,1.5
2019/2/19,3,6,1.5,1.5
2019/2/20,3,6,3.5,3.5
2019/2/21,2,7,1.5,1.5
2019/2/22,-1,6,1.5,1.5
2019/2/23,1,10,1.5,1.5
2019/2/24,0,9,1.5,1.5
2019/2/25,2,14,1.5,1.5
2019/2/26,5,12,1.5,1.5
2019/2/27,4,8,1.5,1.5
2019/2/28,5,10,1.5,1.5
2019/3/1,6,11,1.5,1.5
2019/3/2,6,9,1.5,1.5
2019/3/3,5,9,1.5,1.5
2019/3/4,2,9,1.5,1.5
2019/3/5,6,9,1.5,1.5
2019/3/6,3,15,1.5,1.5
2019/3/7,2,12,3.5,3.5
2019/3/8,5,12,1.5,1.5
2019/3/9,5,15,1.5,1.5
2019/3/10,6,16,1.5,1.5
2019/3/11,6,18,1.5,1.5
2019/3/12,4,19,3.5,3.5
2019/3/13,9,17,1.5,1.5
2019/3/14,7,19,1.5,1.5
2019/3/15,5,20,1.5,1.5
2019/3/16,9,19,1.5,1.5
2019/3/17,11,22,1.5,1.5
2019/3/18,7,16,1.5,1.5
2019/3/19,11,22,1.5,1.5
2019/3/20,14,23,3.5,3.5
2019/3/21,8,17,4.5,4.5
2019/3/22,4,12,1.5,1.5
2019/3/23,5,16,1.5,1.5
2019/3/24,8,15,1.5,1.5
2019/3/25,8,17,1.5,1.5
2019/3/26,9,22,1.5,1.5
2019/3/27,12,19,1.5,1.5
2019/3/28,10,19,1.5,1.5
2019/3/29,11,20,1.5,1.5
2019/3/30,8,16,3.5,3.5
2019/3/31,6,16,1.5,1.5
2019/4/1,8,18,1.5,1.5
2019/4/2,8,18,1.5,1.5
2019/4/3,10,21,1.5,1.5
2019/4/4,11,19,1.5,1.5
2019/4/5,14,25,1.5,1.5
2019/4/6,15,27,1.5,1.5
2019/4/7,16,31,1.5,1.5
2019/4/8,18,30,1.5,1.5
2019/4/9,10,22,5.5,5.5
2019/4/10,9,15,3.5,3.5
2019/4/11,8,16,1.5,1.5
2019/4/12,10,21,1.5,1.5
2019/4/13,12,22,1.5,1.5
2019/4/14,8,20,1.5,1.5
2019/4/15,12,21,1.5,1.5
2019/4/16,12,23,1.5,1.5
2019/4/17,15,27,1.5,1.5
2019/4/18,16,29,1.5,1.5
2019/4/19,17,26,3.5,3.5
2019/4/20,18,25,1.5,1.5
2019/4/21,18,22,1.5,1.5
2019/4/22,17,22,3.5,3.5
2019/4/23,19,25,1.5,1.5
2019/4/24,16,25,1.5,1.5
2019/4/25,12,25,3.5,3.5
2019/4/26,10,14,4.5,4.5
2019/4/27,11,20,4.5,4.5
2019/4/28,14,18,1.5,1.5
2019/4/29,13,16,1.5,1.5
2019/4/30,15,21,1.5,1.5
2019/5/1,13,24,1.5,1.5
2019/5/2,11,25,1.5,1.5
2019/5/3,15,26,1.5,1.5
2019/5/4,16,28,3.5,3.5
2019/5/5,15,28,1.5,1.5
2019/5/6,11,21,1.5,1.5
2019/5/7,13,22,1.5,1.5
2019/5/8,12,22,1.5,1.5
2019/5/9,14,26,1.5,1.5
2019/5/10,16,29,1.5,1.5
2019/5/11,18,30,1.5,1.5
2019/5/12,20,31,1.5,1.5
2019/5/13,17,29,1.5,1.5
2019/5/14,19,29,1.5,1.5
2019/5/15,19,23,3.5,3.5
2019/5/16,20,26,1.5,1.5
2019/5/17,20,27,1.5,1.5
2019/5/18,17,25,1.5,1.5
2019/5/19,20,26,1.5,1.5
2019/5/20,15,27,3.5,3.5
2019/5/21,15,28,1.5,1.5
2019/5/22,17,31,1.5,1.5
2019/5/23,19,33,1.5,1.5
2019/5/24,22,35,1.5,1.5
2019/5/25,21,28,3.5,3.5
2019/5/26,23,26,1.5,1.5
2019/5/27,14,26,3.5,3.5
2019/5/28,18,26,1.5,1.5
2019/5/29,18,26,1.5,1.5
2019/5/30,17,23,1.5,1.5
2019/5/31,18,27,1.5,1.5
2019/6/1,18,29,1.5,1.5
2019/6/2,19,30,1.5,1.5
2019/6/3,21,33,1.5,1.5
2019/6/4,22,35,3.5,3.5
2019/6/5,25,35,1.5,1.5
2019/6/6,20,25,5.5,5.5
2019/6/7,20,30,1.5,1.5
2019/6/8,22,31,1.5,1.5
2019/6/9,22,32,1.5,1.5
2019/6/10,18,30,3.5,3.5
2019/6/11,20,30,1.5,1.5
2019/6/12,20,28,1.5,1.5
2019/6/13,18,25,1.5,1.5
2019/6/14,20,28,1.5,1.5
2019/6/15,23,34,1.5,1.5
2019/6/16,25,31,1.5,1.5
2019/6/17,21,30,1.5,1.5
2019/6/18,21,26,1.5,1.5
2019/6/19,22,27,1.5,1.5
2019/6/20,21,25,1.5,1.5
2019/6/21,20,27,1.5,1.5
2019/6/22,18,27,1.5,1.5
2019/6/23,20,28,1.5,1.5
2019/6/24,21,29,3.5,3.5
2019/6/25,21,27,4.5,4.5
2019/6/26,21,28,1.5,1.5
2019/6/27,24,29,1.5,1.5
2019/6/28,27,34,1.5,1.5
2019/6/29,23,27,3.5,3.5
2019/6/30,23,30,1.5,1.5
2019/7/1,22,31,1.5,1.5
2019/7/2,23,30,1.5,1.5
2019/7/3,22,29,1.5,1.5
2019/7/4,22,30,1.5,1.5
2019/7/5,22,31,1.5,1.5
2019/7/6,24,31,3.5,3.5
2019/7/7,21,31,1.5,1.5
2019/7/8,23,29,1.5,1.5
2019/7/9,21,25,1.5,1.5
2019/7/10,21,28,1.5,1.5
2019/7/11,23,30,1.5,1.5
2019/7/12,22,28,1.5,1.5
2019/7/13,20,26,1.5,1.5
2019/7/14,22,30,1.5,1.5
2019/7/15,23,32,1.5,1.5
2019/7/16,24,31,3.5,3.5
2019/7/17,26,31,1.5,1.5
2019/7/18,26,31,1.5,1.5
2019/7/19,25,32,3.5,3.5
2019/7/20,25,32,1.5,1.5
2019/7/21,26,34,1.5,1.5
2019/7/22,28,36,1.5,1.5
2019/7/23,29,36,3.5,3.5
2019/7/24,29,36,3.5,3.5
2019/7/25,29,36,1.5,1.5
2019/7/26,26,36,3.5,3.5
2019/7/27,29,37,1.5,1.5
2019/7/28,29,37,1.5,1.5
2019/7/29,29,38,3.5,3.5
2019/7/30,29,38,1.5,1.5
2019/7/31,28,38,4.5,4.5
2019/8/1,28,37,1.5,1.5
2019/8/2,26,36,1.5,1.5
2019/8/3,26,35,3.5,3.5
2019/8/4,27,32,1.5,1.5
2019/8/5,27,33,3.5,3.5
2019/8/6,26,34,1.5,1.5
2019/8/7,27,34,1.5,1.5
2019/8/8,27,33,1.5,1.5
2019/8/9,27,33,3.5,3.5
2019/8/10,26,28,6.5,6.5
2019/8/11,24,29,4.5,4.5
2019/8/12,25,32,4.5,4.5
2019/8/13,25,34,1.5,1.5
2019/8/14,25,34,3.5,3.5
2019/8/15,24,33,1.5,1.5
2019/8/16,23,35,1.5,1.5
2019/8/17,24,34,1.5,1.5
2019/8/18,24,31,1.5,1.5
2019/8/19,22,32,3.5,3.5
2019/8/20,24,32,1.5,1.5
2019/8/21,24,33,1.5,1.5
2019/8/22,24,33,1.5,1.5
2019/8/23,24,34,1.5,1.5
2019/8/24,26,34,3.5,3.5
2019/8/25,27,32,4.5,4.5
2019/8/26,27,34,1.5,1.5
2019/8/27,25,35,3.5,3.5
2019/8/28,23,28,1.5,1.5
2019/8/29,21,29,1.5,1.5
2019/8/30,22,30,1.5,1.5
2019/8/31,23,30,1.5,1.5
2019/9/1,20,25,1.5,1.5
2019/9/2,21,25,1.5,1.5
2019/9/3,21,25,1.5,1.5
2019/9/4,22,27,1.5,1.5
2019/9/5,21,27,1.5,1.5
2019/9/6,23,27,3.5,3.5
2019/9/7,22,30,1.5,1.5
2019/9/8,21,31,1.5,1.5
2019/9/9,22,30,1.5,1.5
2019/9/10,24,31,1.5,1.5
2019/9/11,24,31,1.5,1.5
2019/9/12,23,31,1.5,1.5
2019/9/13,24,32,3.5,3.5
2019/9/14,23,32,1.5,1.5
2019/9/15,20,30,1.5,1.5
2019/9/16,20,29,1.5,1.5
2019/9/17,22,29,1.5,1.5
2019/9/18,17,30,1.5,1.5
2019/9/19,18,26,1.5,1.5
2019/9/20,18,27,1.5,1.5
2019/9/21,20,27,4.5,4.5
2019/9/22,17,28,3.5,3.5
2019/9/23,15,27,3.5,3.5
2019/9/24,19,30,1.5,1.5
2019/9/25,19,30,1.5,1.5
2019/9/26,19,26,1.5,1.5
2019/9/27,19,27,1.5,1.5
2019/9/28,18,29,1.5,1.5
2019/9/29,19,30,1.5,1.5
2019/9/30,20,29,1.5,1.5
2019/10/1,22,27,4.5,4.5
2019/10/2,21,28,1.5,1.5
2019/10/3,21,31,1.5,1.5
2019/10/4,20,32,3.5,3.5
2019/10/5,16,20,3.5,3.5
2019/10/6,17,23,1.5,1.5
2019/10/7,16,19,1.5,1.5
2019/10/8,15,21,1.5,1.5
2019/10/9,17,24,1.5,1.5
2019/10/10,19,27,1.5,1.5
2019/10/11,18,24,1.5,1.5
2019/10/12,18,23,1.5,1.5
2019/10/13,17,25,1.5,1.5
2019/10/14,13,22,4.5,4.5
2019/10/15,10,19,1.5,1.5
2019/10/16,14,19,1.5,1.5
2019/10/17,13,22,1.5,1.5
2019/10/18,12,24,1.5,1.5
2019/10/19,13,23,1.5,1.5
2019/10/20,13,24,1.5,1.5
2019/10/21,15,25,1.5,1.5
2019/10/22,16,23,1.5,1.5
2019/10/23,13,24,1.5,1.5
2019/10/24,14,24,1.5,1.5
2019/10/25,14,24,1.5,1.5
2019/10/26,11,17,1.5,1.5
2019/10/27,10,18,1.5,1.5
2019/10/28,9,22,3.5,3.5
2019/10/29,10,23,1.5,1.5
2019/10/30,10,24,1.5,1.5
2019/10/31,10,25,1.5,1.5
2019/11/1,13,25,1.5,1.5
2019/11/2,14,24,1.5,1.5
2019/11/3,13,23,1.5,1.5
2019/11/4,10,21,1.5,1.5
2019/11/5,10,21,1.5,1.5
2019/11/6,13,20,1.5,1.5
2019/11/7,11,21,1.5,1.5
2019/11/8,8,19,1.5,1.5
2019/11/9,9,19,1.5,1.5
2019/11/10,9,22,3.5,3.5
2019/11/11,13,23,1.5,1.5
2019/11/12,15,19,1.5,1.5
2019/11/13,6,20,4.5,4.5
2019/11/14,7,20,1.5,1.5
2019/11/15,9,22,1.5,1.5
2019/11/16,14,24,1.5,1.5
2019/11/17,8,21,3.5,3.5
2019/11/18,2,12,1.5,1.5
2019/11/19,3,13,1.5,1.5
2019/11/20,10,16,1.5,1.5
2019/11/21,9,18,3.5,3.5
2019/11/22,13,22,1.5,1.5
2019/11/23,14,25,3.5,3.5
2019/11/24,7,19,4.5,4.5
2019/11/25,2,5,4.5,4.5
2019/11/26,6,11,1.5,1.5
2019/11/27,4,7,4.5,4.5
2019/11/28,4,10,1.5,1.5
2019/11/29,6,11,1.5,1.5
2019/11/30,7,10,1.5,1.5
2019/12/1,1,8,4.5,4.5
2019/12/2,-2,9,3.5,3.5
2019/12/3,0,11,1.5,1.5
2019/12/4,1,13,1.5,1.5
2019/12/5,4,13,4.5,4.5
2019/12/6,0,10,1.5,1.5
2019/12/7,0,12,1.5,1.5
2019/12/8,2,13,1.5,1.5
2019/12/9,4,17,1.5,1.5
2019/12/10,6,18,1.5,1.5
2019/12/11,3,13,1.5,1.5
2019/12/12,5,14,1.5,1.5
2019/12/13,6,17,1.5,1.5
2019/12/14,7,15,1.5,1.5
2019/12/15,10,17,4.5,4.5
2019/12/16,11,19,1.5,1.5
2019/12/17,6,11,1.5,1.5
2019/12/18,4,8,1.5,1.5
2019/12/19,0,7,1.5,1.5
2019/12/20,2,8,1.5,1.5
2019/12/21,6,9,1.5,1.5
2019/12/22,7,11,1.5,1.5
2019/12/23,6,11,1.5,1.5
2019/12/24,6,9,3.5,3.5
2019/12/25,7,11,1.5,1.5
2019/12/26,-1,8,4.5,4.5
2019/12/27,-1,9,1.5,1.5
2019/12/28,1,12,1.5,1.5
2019/12/29,3,11,1.5,1.5
2019/12/30,-4,13,4.5,4.5
2019/12/31,-3,4,3.5,3.5
2020/1/1,1,8,1.5,1.5
2020/1/2,6,8,1.5,1.5
2020/1/3,7,9,1.5,1.5
2020/1/4,7,10,1.5,1.5
2020/1/5,8,10,1.5,1.5
2020/1/6,6,12,1.5,1.5
2020/1/7,2,7,4.5,4.5
2020/1/8,2,6,3.5,3.5
2020/1/9,0,3,1.5,1.5
2020/1/10,4,6,1.5,1.5
2020/1/11,0,5,1.5,1.5
2020/1/12,0,7,1.5,1.5
2020/1/13,0,5,1.5,1.5
2020/1/14,-1,6,1.5,1.5
2020/1/15,0,4,1.5,1.5
2020/1/16,2,4,3.5,3.5
2020/1/17,0,6,1.5,1.5
2020/1/18,0,6,1.5,1.5
2020/1/19,-1,10,1.5,1.5
2020/1/20,0,10,1.5,1.5
2020/1/21,3,8,1.5,1.5
2020/1/22,7,8,1.5,1.5
2020/1/23,7,10,3.5,3.5
2020/1/24,5,9,3.5,3.5
2020/1/25,5,7,4.5,4.5
2020/1/26,3,6,4.5,4.5
2020/1/27,2,6,1.5,1.5
2020/1/28,0,6,1.5,1.5
2020/1/29,0,9,1.5,1.5
2020/1/30,-1,8,3.5,3.5
2020/1/31,-1,10,1.5,1.5
2020/2/1,4,12,1.5,1.5
2020/2/2,4,13,1.5,1.5
2020/2/3,3,11,3.5,3.5
2020/2/4,2,12,1.5,1.5
2020/2/5,2,10,3.5,3.5
2020/2/6,3,6,4.5,4.5
2020/2/7,4,7,3.5,3.5
2020/2/8,2,9,1.5,1.5
2020/2/9,2,12,1.5,1.5
2020/2/10,8,15,1.5,1.5
2020/2/11,8,10,1.5,1.5
2020/2/12,7,16,1.5,1.5
2020/2/13,11,18,1.5,1.5
2020/2/14,7,16,1.5,1.5
2020/2/15,-2,5,4.5,4.5
2020/2/16,-3,5,4.5,4.5
2020/2/17,-2,9,4.5,4.5
2020/2/18,1,12,1.5,1.5
2020/2/19,2,11,1.5,1.5
2020/2/20,5,16,3.5,3.5
2020/2/21,4,14,1.5,1.5
2020/2/22,3,16,1.5,1.5
2020/2/23,7,16,3.5,3.5
2020/2/24,11,24,1.5,1.5
2020/2/25,8,19,3.5,3.5
2020/2/26,4,13,3.5,3.5
2020/2/27,6,13,3.5,3.5
2020/2/28,8,10,1.5,1.5
2020/2/29,8,11,1.5,1.5
2020/3/1,5,10,1.5,1.5
2020/3/2,4,11,1.5,1.5
2020/3/3,7,14,1.5,1.5
2020/3/4,2,13,3.5,3.5
2020/3/5,3,11,3.5,3.5
2020/3/6,6,14,1.5,1.5
2020/3/7,9,18,1.5,1.5
2020/3/8,11,14,3.5,3.5
2020/3/9,8,13,3.5,3.5
2020/3/10,4,13,4.5,4.5
2020/3/11,9,17,1.5,1.5
2020/3/12,11,18,1.5,1.5
2020/3/13,4,13,4.5,4.5
2020/3/14,5,16,1.5,1.5
2020/3/15,7,19,3.5,3.5
2020/3/16,8,18,1.5,1.5
2020/3/17,10,23,1.5,1.5
2020/3/18,11,25,3.5,3.5
2020/3/19,8,19,4.5,4.5
2020/3/20,12,24,1.5,1.5
2020/3/21,15,27,3.5,3.5
2020/3/22,8,19,4.5,4.5
2020/3/23,9,20,3.5,3.5
2020/3/24,12,22,3.5,3.5
2020/3/25,17,22,1.5,1.5
2020/3/26,9,22,1.5,1.5
2020/3/27,4,11,5.5,5.5
2020/3/28,2,9,3.5,3.5
2020/3/29,4,7,1.5,1.5
2020/3/30,7,11,1.5,1.5
2020/3/31,10,13,1.5,1.5
2020/4/1,8,16,1.5,1.5
2020/4/2,7,17,3.5,3.5
2020/4/3,8,17,3.5,3.5
2020/4/4,6,20,4.5,4.5
2020/4/5,7,16,1.5,1.5
2020/4/6,6,16,1.5,1.5
2020/4/7,7,21,1.5,1.5
2020/4/8,10,24,1.5,1.5
2020/4/9,11,23,3.5,3.5
2020/4/10,9,21,4.5,4.5
2020/4/11,7,10,3.5,3.5
2020/4/12,6,19,5.5,5.5
2020/4/13,7,20,1.5,1.5
2020/4/14,10,20,3.5,3.5
2020/4/15,13,25,3.5,3.5
2020/4/16,16,29,3.5,3.5
2020/4/17,13,19,4.5,4.5
2020/4/18,12,17,1.5,1.5
2020/4/19,11,18,4.5,4.5
2020/4/20,11,21,1.5,1.5
2020/4/21,11,17,1.5,1.5
2020/4/22,8,20,3.5,3.5
2020/4/23,8,19,3.5,3.5
2020/4/24,12,23,3.5,3.5
2020/4/25,12,27,4.5,4.5
2020/4/26,12,26,1.5,1.5
2020/4/27,7,19,4.5,4.5
2020/4/28,11,24,3.5,3.5
2020/4/29,17,28,3.5,3.5
2020/4/30,22,32,1.5,1.5
2020/5/1,20,28,1.5,1.5
2020/5/2,21,31,4.5,4.5
2020/5/3,23,35,3.5,3.5
2020/5/4,19,32,4.5,4.5
2020/5/5,16,19,4.5,4.5
2020/5/6,18,24,4.5,4.5
2020/5/7,19,25,5.5,5.5
2020/5/8,19,27,5.5,5.5
2020/5/9,17,22,3.5,3.5
2020/5/10,15,24,3.5,3.5
2020/5/11,15,28,1.5,1.5
2020/5/12,15,28,3.5,3.5
2020/5/13,19,30,4.5,4.5
2020/5/14,19,23,4.5,4.5
2020/5/15,19,27,1.5,1.5
2020/5/16,22,29,3.5,3.5
2020/5/17,20,33,1.5,1.5
2020/5/18,15,27,5.5,5.5
2020/5/19,16,29,3.5,3.5
2020/5/20,19,30,3.5,3.5
2020/5/21,20,30,3.5,3.5
2020/5/22,18,30,3.5,3.5
2020/5/23,21,32,1.5,1.5
2020/5/24,19,32,3.5,3.5
2020/5/25,19,26,1.5,1.5
2020/5/26,19,27,1.5,1.5
2020/5/27,21,30,3.5,3.5
2020/5/28,23,33,3.5,3.5
2020/5/29,20,27,3.5,3.5
2020/5/30,17,21,4.5,4.5
2020/5/31,21,29,1.5,1.5
2020/6/1,22,33,3.5,3.5
2020/6/2,24,33,3.5,3.5
2020/6/3,25,32,3.5,3.5
2020/6/4,24,34,3.5,3.5
2020/6/5,22,28,1.5,1.5
2020/6/6,19,32,1.5,1.5
2020/6/7,21,30,4.5,4.5
2020/6/8,23,29,4.5,4.5
2020/6/9,25,32,3.5,3.5
2020/6/10,25,30,1.5,1.5
2020/6/11,26,32,1.5,1.5
2020/6/12,26,31,1.5,1.5
2020/6/13,24,30,3.5,3.5
2020/6/14,22,26,3.5,3.5
2020/6/15,25,26,3.5,3.5
2020/6/16,22,27,3.5,3.5
2020/6/17,24,32,1.5,1.5
2020/6/18,20,23,4.5,4.5
2020/6/19,22,27,1.5,1.5
2020/6/20,21,27,3.5,3.5
2020/6/21,21,23,1.5,1.5
2020/6/22,23,25,3.5,3.5
2020/6/23,23,26,3.5,3.5
2020/6/24,22,29,3.5,3.5
2020/6/25,22,30,1.5,1.5
2020/6/26,25,32,1.5,1.5
2020/6/27,25,30,1.5,1.5
2020/6/28,25,27,3.5,3.5
2020/6/29,20,29,4.5,4.5
2020/6/30,22,29,1.5,1.5
2020/7/1,23,29,1.5,1.5
2020/7/2,23,27,1.5,1.5
2020/7/3,23,29,3.5,3.5
2020/7/4,21,26,3.5,3.5
2020/7/4,21,26,3.5,3.5
2020/7/5,24,29,3.5,3.5
2020/7/5,24,29,3.5,3.5
2020/7/6,23,28,1.5,1.5
2020/7/7,24,31,1.5,1.5
2020/7/8,23,28,3.5,3.5
2020/7/9,23,29,3.5,3.5
2020/7/10,24,29,3.5,3.5
2020/7/11,24,28,3.5,3.5
2020/7/12,22,32,4.5,4.5
2020/7/13,22,26,3.5,3.5
2020/7/14,22,25,1.5,1.5
2020/7/15,20,23,1.5,1.5
2020/7/16,21,26,1.5,1.5
2020/7/17,22,26,3.5,3.5
2020/7/18,23,27,3.5,3.5
2020/7/19,22,26,4.5,4.5
2020/7/20,21,29,1.5,1.5
2020/7/21,24,28,1.5,1.5
2020/7/22,27,33,3.5,3.5
2020/7/23,23,27,5.5,5.5
2020/7/24,20,28,3.5,3.5
2020/7/25,21,29,1.5,1.5
2020/7/26,22,30,3.5,3.5
2020/7/27,22,27,3.5,3.5
2020/7/28,24,26,3.5,3.5
2020/7/29,25,30,1.5,1.5
2020/7/30,26,30,1.5,1.5
2020/7/31,27,33,1.5,1.5
2020/8/1,27,36,3.5,3.5
2020/8/2,27,36,3.5,3.5
2020/8/3,27,36,1.5,1.5
2020/8/4,26,33,4.5,4.5
2020/8/5,27,35,4.5,4.5
2020/8/6,27,34,4.5,4.5
2020/8/7,27,33,1.5,1.5
2020/8/8,27,33,1.5,1.5
2020/8/9,26,31,3.5,3.5
2020/8/10,26,31,1.5,1.5
2020/8/11,27,34,1.5,1.5
2020/8/12,27,33,3.5,3.5
2020/8/13,28,34,3.5,3.5
2020/8/14,29,36,3.5,3.5
2020/8/15,29,36,3.5,3.5
2020/8/16,27,36,1.5,1.5
2020/8/17,29,36,3.5,3.5
2020/8/18,28,36,3.5,3.5
2020/8/19,29,36,3.5,3.5
2020/8/20,27,35,3.5,3.5
2020/8/21,28,34,1.5,1.5
2020/8/22,25,33,1.5,1.5
2020/8/23,27,34,1.5,1.5
2020/8/24,27,36,1.5,1.5
2020/8/25,25,32,3.5,3.5
2020/8/26,23,31,3.5,3.5
2020/8/27,24,31,1.5,1.5
2020/8/28,24,29,1.5,1.5
2020/8/29,25,31,3.5,3.5
2020/8/30,26,32,1.5,1.5
2020/8/31,25,33,3.5,3.5
2020/9/1,25,31,1.5,1.5
2020/9/2,22,30,3.5,3.5
2020/9/3,20,31,1.5,1.5
2020/9/4,21,32,3.5,3.5
2020/9/5,19,31,1.5,1.5
2020/9/6,23,32,1.5,1.5
2020/9/7,23,33,3.5,3.5
2020/9/8,23,35,1.5,1.5
2020/9/9,23,32,1.5,1.5
2020/9/10,23,31,1.5,1.5
2020/9/11,21,28,1.5,1.5
2020/9/12,20,28,3.5,3.5
2020/9/13,20,28,1.5,1.5
2020/9/14,21,27,1.5,1.5
2020/9/15,20,24,1.5,1.5
2020/9/16,22,28,1.5,1.5
2020/9/17,19,22,1.5,1.5
2020/9/18,16,25,1.5,1.5
2020/9/19,17,25,1.5,1.5
2020/9/20,20,27,1.5,1.5
2020/9/21,19,23,3.5,3.5
2020/9/22,19,24,1.5,1.5
2020/9/23,17,25,1.5,1.5
2020/9/24,18,26,1.5,1.5
2020/9/25,17,26,1.5,1.5
2020/9/26,17,27,1.5,1.5
2020/9/27,18,26,3.5,3.5
2020/9/28,19,26,1.5,1.5
2020/9/29,18,26,1.5,1.5
2020/9/30,16,26,3.5,3.5
2020/10/1,19,27,1.5,1.5
2020/10/2,20,28,1.5,1.5
2020/10/3,19,23,3.5,3.5
2020/10/4,13,23,3.5,3.5
2020/10/5,15,20,1.5,1.5
2020/10/6,15,21,1.5,1.5
2020/10/7,14,22,3.5,3.5
2020/10/8,14,24,3.5,3.5
2020/10/9,13,23,1.5,1.5
2020/10/10,14,24,3.5,3.5
2020/10/11,14,24,1.5,1.5
2020/10/12,16,24,1.5,1.5
2020/10/13,14,24,3.5,3.5
2020/10/14,16,23,1.5,1.5
2020/10/15,14,18,1.5,1.5
2020/10/16,11,16,3.5,3.5
2020/10/17,12,20,3.5,3.5
2020/10/18,12,21,1.5,1.5
2020/10/19,12,21,1.5,1.5
2020/10/20,14,21,1.5,1.5
2020/10/21,12,20,1.5,1.5
2020/10/22,8,21,1.5,1.5
2020/10/23,5,18,3.5,3.5
2020/10/24,10,19,1.5,1.5
2020/10/25,12,20,3.5,3.5
2020/10/26,12,21,1.5,1.5
2020/10/27,16,22,3.5,3.5
2020/10/28,15,20,1.5,1.5
2020/10/29,11,20,1.5,1.5
2020/10/30,10,20,1.5,1.5
2020/10/31,13,20,1.5,1.5
2020/11/1,15,19,1.5,1.5
2020/11/2,10,22,3.5,3.5
2020/11/3,6,16,1.5,1.5
2020/11/4,12,17,1.5,1.5
2020/11/5,13,20,1.5,1.5
2020/11/6,13,24,1.5,1.5
2020/11/7,9,22,1.5,1.5
2020/11/8,9,21,1.5,1.5
2020/11/9,8,19,1.5,1.5
2020/11/10,9,19,1.5,1.5
2020/11/11,8,20,3.5,3.5
2020/11/12,10,20,3.5,3.5
2020/11/13,11,21,1.5,1.5
2020/11/14,12,21,1.5,1.5
2020/11/15,12,22,1.5,1.5
2020/11/16,14,21,3.5,3.5
2020/11/17,18,25,1.5,1.5
2020/11/18,15,29,3.5,3.5
2020/11/19,12,18,3.5,3.5
2020/11/20,9,14,1.5,1.5
2020/11/21,9,15,3.5,3.5
2020/11/22,7,9,3.5,3.5
2020/11/23,6,9,1.5,1.5
2020/11/24,7,9,1.5,1.5
2020/11/25,9,11,1.5,1.5
2020/11/26,7,10,3.5,3.5
2020/11/27,4,8,3.5,3.5
2020/11/28,1,9,3.5,3.5
2020/11/29,1,9,3.5,3.5
2020/11/30,4,11,3.5,3.5
2020/12/1,7,11,1.5,1.5
2020/12/2,2,9,1.5,1.5
2020/12/3,1,7,3.5,3.5
2020/12/3,1,7,3.5,3.5
2020/12/4,0,7,3.5,3.5
2020/12/5,1,9,3.5,3.5
2020/12/6,3,12,1.5,1.5
2020/12/7,5,8,1.5,1.5
2020/12/8,4,9,1.5,1.5
2020/12/9,7,10,1.5,1.5
2020/12/10,7,10,1.5,1.5
2020/12/11,3,9,1.5,1.5
2020/12/12,2,10,1.5,1.5
2020/12/13,0,9,3.5,3.5
2020/12/14,-3,1,3.5,3.5
2020/12/15,-3,3,1.5,1.5
2020/12/16,-2,5,1.5,1.5
2020/12/17,0,6,1.5,1.5
2020/12/18,0,7,1.5,1.5
2020/12/19,-2,7,1.5,1.5
2020/12/20,-1,8,1.5,1.5
2020/12/21,-1,10,1.5,1.5
2020/12/22,0,10,1.5,1.5
2020/12/23,1,10,1.5,1.5
2020/12/24,1,12,1.5,1.5
2020/12/25,3,12,1.5,1.5
2020/12/26,7,12,3.5,3.5
2020/12/27,4,14,1.5,1.5
2020/12/28,7,15,1.5,1.5
2020/12/29,-7,8,4.5,4.5
2020/12/30,-6,-2,1.5,1.5
2020/12/31,-6,1,1.5,1.5
2021/1/1,-3,4,3.5,3.5
2021/1/2,-1,8,1.5,1.5
2021/1/3,2,10,1.5,1.5
2021/1/4,5,11,1.5,1.5
2021/1/5,-1,5,3.5,3.5
2021/1/6,-7,5,3.5,3.5
2021/1/7,-7,-4,3.5,3.5
2021/1/8,-6,1,3.5,3.5
2021/1/9,-4,4,3.5,3.5
2021/1/10,-2,4,1.5,1.5
2021/1/11,-3,5,1.5,1.5
2021/1/12,2,10,3.5,3.5
2021/1/13,2,10,3.5,3.5
2021/1/14,2,16,3.5,3.5
2021/1/15,0,15,3.5,3.5
2021/1/16,-2,5,3.5,3.5
2021/1/17,-2,6,3.5,3.5
2021/1/18,0,11,1.5,1.5
2021/1/19,3,12,3.5,3.5
2021/1/20,9,16,1.5,1.5
2021/1/21,8,13,1.5,1.5
2021/1/22,4,10,1.5,1.5
2021/1/23,2,7,1.5,1.5
2021/1/24,7,11,3.5,3.5
2021/1/25,7,11,3.5,3.5
2021/1/26,1,9,1.5,1.5
2021/1/27,4,9,1.5,1.5
2021/1/28,-3,8,4.5,4.5
2021/1/29,0,9,3.5,3.5
2021/1/30,7,14,1.5,1.5
2021/1/31,7,16,1.5,1.5
2021/2/1,2,11,1.5,1.5
2021/2/2,2,10,3.5,3.5
2021/2/3,3,15,1.5,1.5
2021/2/4,6,12,1.5,1.5
2021/2/5,5,10,1.5,1.5
2021/2/6,4,16,3.5,3.5
2021/2/7,4,18,1.5,1.5
2021/2/8,2,10,3.5,3.5
2021/2/9,5,11,3.5,3.5
2021/2/10,7,12,1.5,1.5
2021/2/11,7,10,1.5,1.5
2021/2/12,8,15,3.5,3.5
2021/2/13,9,18,3.5,3.5
2021/2/14,8,18,3.5,3.5
2021/2/15,6,10,3.5,3.5
2021/2/16,0,13,3.5,3.5
2021/2/17,0,7,3.5,3.5
2021/2/18,2,11,1.5,1.5
2021/2/19,10,19,1.5,1.5
2021/2/20,11,22,1.5,1.5
2021/2/21,13,25,1.5,1.5
2021/2/22,6,24,3.5,3.5
2021/2/23,4,14,4.5,4.5
2021/2/24,9,16,1.5,1.5
2021/2/25,6,11,3.5,3.5
2021/2/26,7,8,3.5,3.5
2021/2/27,9,14,3.5,3.5
2021/2/28,12,16,1.5,1.5
2021/3/1,0,12,3.5,3.5
2021/3/2,3,10,1.5,1.5
2021/3/3,5,11,3.5,3.5
2021/3/4,6,15,1.5,1.5
2021/3/5,9,16,3.5,3.5
2021/3/6,4,8,3.5,3.5
2021/3/7,6,8,1.5,1.5
2021/3/8,7,11,3.5,3.5
2021/3/9,5,13,3.5,3.5
2021/3/10,9,15,3.5,3.5
2021/3/11,9,11,1.5,1.5
2021/3/12,7,13,1.5,1.5
2021/3/13,6,15,1.5,1.5
2021/3/14,10,19,3.5,3.5
2021/3/15,11,20,1.5,1.5
2021/3/16,8,16,1.5,1.5
2021/3/17,8,10,3.5,3.5
2021/3/18,9,13,1.5,1.5
2021/3/19,8,12,1.5,1.5
2021/3/20,9,13,3.5,3.5
2021/3/21,1,14,3.5,3.5
2021/3/22,4,15,1.5,1.5
2021/3/23,9,18,1.5,1.5
2021/3/24,10,21,3.5,3.5
2021/3/25,10,22,1.5,1.5
2021/3/26,16,24,3.5,3.5
2021/3/27,12,21,1.5,1.5
2021/3/28,12,25,1.5,1.5
2021/3/29,14,25,3.5,3.5
2021/3/30,12,21,3.5,3.5
2021/3/31,14,17,3.5,3.5
2021/4/1,13,17,3.5,3.5
2021/4/2,13,16,1.5,1.5
2021/4/3,9,15,3.5,3.5
2021/4/4,6,15,3.5,3.5
2021/4/5,10,17,3.5,3.5
2021/4/6,12,20,1.5,1.5
2021/4/7,11,16,1.5,1.5
2021/4/8,6,19,3.5,3.5
2021/4/9,7,20,3.5,3.5
2021/4/10,12,20,3.5,3.5
2021/4/11,15,18,3.5,3.5
2021/4/12,14,19,1.5,1.5
2021/4/13,11,21,3.5,3.5
2021/4/14,10,16,1.5,1.5
2021/4/15,12,19,3.5,3.5
2021/4/16,13,23,3.5,3.5
2021/4/17,9,21,1.5,1.5
2021/4/18,9,20,1.5,1.5
2021/4/19,13,23,3.5,3.5
2021/4/20,16,21,3.5,3.5
2021/4/21,16,23,1.5,1.5
2021/4/22,18,22,1.5,1.5
2021/4/23,16,22,1.5,1.5
2021/4/24,16,20,3.5,3.5
2021/4/25,15,21,3.5,3.5
2021/4/26,16,20,1.5,1.5
2021/4/27,14,21,1.5,1.5
2021/4/28,14,25,1.5,1.5
2021/4/29,15,27,4.5,4.5
2021/4/30,14,29,4.5,4.5
2021/5/1,15,24,1.5,1.5
2021/5/2,15,24,3.5,3.5
2021/5/3,20,30,3.5,3.5
2021/5/4,13,23,3.5,3.5
2021/5/5,16,26,1.5,1.5
2021/5/6,17,25,1.5,1.5
2021/5/7,15,26,1.5,1.5
2021/5/8,19,30,3.5,3.5
2021/5/9,20,32,3.5,3.5
2021/5/10,22,33,1.5,1.5
2021/5/11,18,23,3.5,3.5
2021/5/12,20,24,3.5,3.5
2021/5/13,21,25,3.5,3.5
2021/5/14,22,27,1.5,1.5
2021/5/15,23,30,4.5,4.5
2021/5/16,15,23,3.5,3.5
2021/5/17,17,23,1.5,1.5
2021/5/18,17,23,1.5,1.5
2021/5/19,17,22,3.5,3.5
2021/5/20,16,22,3.5,3.5
2021/5/21,18,27,3.5,3.5
2021/5/22,19,28,3.5,3.5
2021/5/23,17,22,1.5,1.5
2021/5/24,19,28,3.5,3.5
2021/5/25,19,29,3.5,3.5
2021/5/26,19,22,3.5,3.5
2021/5/27,21,29,3.5,3.5
2021/5/28,19,29,3.5,3.5
2021/5/29,20,30,3.5,3.5
2021/5/30,21,32,1.5,1.5
2021/5/31,20,31,1.5,1.5
2021/6/1,22,30,3.5,3.5
2021/6/2,21,29,4.5,4.5
2021/6/3,19,27,1.5,1.5
2021/6/4,18,28,3.5,3.5
2021/6/4,18,28,3.5,3.5
2021/6/4,18,28,3.5,3.5
2021/6/5,19,31,3.5,3.5
2021/6/6,20,32,1.5,1.5
2021/6/7,21,33,1.5,1.5
2021/6/8,22,31,3.5,3.5
2021/6/9,25,33,1.5,1.5
2021/6/10,22,30,1.5,1.5
2021/6/11,22,33,1.5,1.5
2021/6/12,24,32,1.5,1.5
2021/6/13,24,29,1.5,1.5
2021/6/14,26,31,3.5,3.5
2021/6/15,22,32,3.5,3.5
2021/6/16,23,30,1.5,1.5
2021/6/17,24,28,1.5,1.5
2021/6/18,22,28,1.5,1.5
2021/6/19,19,24,1.5,1.5
2021/6/20,19,28,1.5,1.5
2021/6/21,20,30,3.5,3.5
2021/6/22,20,32,1.5,1.5
2021/6/23,22,33,3.5,3.5
2021/6/24,24,33,3.5,3.5
2021/6/25,23,29,3.5,3.5
2021/6/26,24,28,1.5,1.5
2021/6/27,24,28,1.5,1.5
2021/6/28,23,31,1.5,1.5
2021/6/29,24,32,3.5,3.5
2021/6/30,24,30,3.5,3.5
2021/7/1,25,31,3.5,3.5
2021/7/2,25,28,3.5,3.5
2021/7/3,24,29,4.5,4.5
2021/7/4,24,26,3.5,3.5
2021/7/5,24,27,3.5,3.5
2021/7/6,26,31,3.5,3.5
2021/7/7,26,32,3.5,3.5
2021/7/8,26,29,3.5,3.5
2021/7/9,25,30,3.5,3.5
2021/7/10,26,32,1.5,1.5
2021/7/11,28,35,3.5,3.5
2021/7/12,27,35,3.5,3.5
2021/7/13,27,36,1.5,1.5
2021/7/14,27,35,1.5,1.5
2021/7/15,28,36,1.5,1.5
2021/7/16,27,33,1.5,1.5
2021/7/17,26,33,3.5,3.5
2021/7/18,25,31,3.5,3.5
2021/7/19,26,32,3.5,3.5
2021/7/20,25,33,3.5,3.5
2021/7/21,24,33,3.5,3.5
2021/7/22,25,31,3.5,3.5
2021/7/23,25,32,4.5,4.5
2021/7/24,26,30,4.5,4.5
2021/7/25,26,28,5.5,5.5
2021/7/26,25,27,4.5,4.5
2021/7/27,25,27,5.5,5.5
2021/7/28,25,28,4.5,4.5
2021/7/29,24,30,3.5,3.5
2021/7/30,25,33,1.5,1.5
2021/7/31,25,33,3.5,3.5
2021/8/1,25,34,3.5,3.5
2021/8/2,25,33,1.5,1.5
2021/8/3,27,32,3.5,3.5
2021/8/4,25,33,3.5,3.5
2021/8/5,26,32,1.5,1.5
2021/8/6,26,33,1.5,1.5
2021/8/7,24,32,1.5,1.5
2021/8/8,24,33,3.5,3.5
2021/8/9,25,32,1.5,1.5
2021/8/10,27,33,1.5,1.5
2021/8/11,25,28,1.5,1.5
2021/8/12,25,28,1.5,1.5
2021/8/13,24,27,3.5,3.5
2021/8/14,23,26,1.5,1.5
2021/8/15,23,27,1.5,1.5
2021/8/16,23,27,3.5,3.5
2021/8/17,22,30,1.5,1.5
2021/8/18,23,30,1.5,1.5
2021/8/19,24,31,1.5,1.5
2021/8/20,25,31,3.5,3.5
2021/8/21,24,31,1.5,1.5
2021/8/22,26,31,1.5,1.5
2021/8/23,23,31,3.5,3.5
2021/8/24,24,27,1.5,1.5
2021/8/25,24,32,1.5,1.5
2021/8/26,24,31,3.5,3.5
2021/8/27,24,30,1.5,1.5
2021/8/28,24,31,1.5,1.5
2021/8/29,25,31,1.5,1.5
2021/8/30,26,34,1.5,1.5
2021/8/31,26,35,3.5,3.5
2021/9/1,25,32,1.5,1.5
2021/9/2,23,28,3.5,3.5
2021/9/3,24,30,3.5,3.5
2021/9/4,26,30,1.5,1.5
2021/9/5,23,31,1.5,1.5
2021/9/6,23,29,1.5,1.5
2021/9/7,21,27,1.5,1.5
2021/9/8,23,28,1.5,1.5
2021/9/9,23,30,1.5,1.5
2021/9/10,23,32,1.5,1.5
2021/9/11,24,32,3.5,3.5
2021/9/12,24,31,3.5,3.5
2021/9/13,24,28,4.5,4.5
2021/9/14,22,29,4.5,4.5
2021/9/15,22,30,3.5,3.5
2021/9/16,19,29,1.5,1.5
2021/9/17,21,30,1.5,1.5
2021/9/18,21,30,3.5,3.5
2021/9/19,22,33,3.5,3.5
2021/9/20,20,26,3.5,3.5
2021/9/21,21,31,3.5,3.5
2021/9/22,22,33,1.5,1.5
2021/9/23,22,34,3.5,3.5
2021/9/24,22,33,3.5,3.5
2021/9/25,22,30,3.5,3.5
2021/9/26,22,32,3.5,3.5
2021/9/27,23,33,3.5,3.5
2021/9/28,24,31,1.5,1.5
2021/9/29,18,26,1.5,1.5
2021/9/30,18,28,1.5,1.5
2021/10/1,21,31,1.5,1.5
2021/10/2,24,33,1.5,1.5
2021/10/3,23,34,3.5,3.5
2021/10/4,23,34,3.5,3.5
2021/10/5,21,34,3.5,3.5
2021/10/6,23,31,3.5,3.5
2021/10/7,23,27,3.5,3.5
2021/10/8,22,25,1.5,1.5
2021/10/9,22,29,1.5,1.5
2021/10/10,17,29,3.5,3.5
2021/10/11,16,20,3.5,3.5
2021/10/12,18,23,3.5,3.5
2021/10/13,22,26,3.5,3.5
2021/10/14,18,25,1.5,1.5
2021/10/15,15,20,3.5,3.5
2021/10/16,8,15,4.5,4.5
2021/10/17,9,15,3.5,3.5
2021/10/18,9,17,1.5,1.5
2021/10/19,12,18,3.5,3.5
2021/10/20,10,13,3.5,3.5
2021/10/21,9,16,1.5,1.5
2021/10/22,10,18,1.5,1.5
2021/10/23,12,20,1.5,1.5
2021/10/24,12,21,3.5,3.5
2021/10/25,11,21,1.5,1.5
2021/10/26,13,22,1.5,1.5
2021/10/27,14,22,1.5,1.5
2021/10/28,12,21,1.5,1.5
2021/10/29,13,21,1.5,1.5
2021/10/30,12,22,1.5,1.5
2021/10/31,13,23,1.5,1.5
2021/11/1,14,23,3.5,3.5
2021/11/2,13,21,3.5,3.5
2021/11/3,13,23,3.5,3.5
2021/11/4,16,23,1.5,1.5
2021/11/5,17,21,1.5,1.5
2021/11/6,16,20,3.5,3.5
2021/11/7,2,19,4.5,4.5
2021/11/8,1,8,3.5,3.5
2021/11/9,5,13,3.5,3.5
2021/11/10,5,15,1.5,1.5
2021/11/11,5,16,3.5,3.5
2021/11/12,7,18,1.5,1.5
2021/11/13,6,19,1.5,1.5
2021/11/14,6,20,1.5,1.5
2021/11/15,9,21,1.5,1.5
2021/11/16,8,21,1.5,1.5
2021/11/17,10,18,1.5,1.5
2021/11/18,10,20,1.5,1.5
2021/11/19,10,21,1.5,1.5
2021/11/20,14,20,1.5,1.5
2021/11/21,5,16,4.5,4.5
2021/11/22,-1,8,1.5,1.5
2021/11/23,2,10,1.5,1.5
2021/11/24,4,16,3.5,3.5
2021/11/25,3,17,1.5,1.5
2021/11/26,6,17,1.5,1.5
2021/11/27,8,17,3.5,3.5
2021/11/28,10,18,3.5,3.5
2021/11/29,8,19,1.5,1.5
2021/11/30,-1,16,4.5,4.5
2021/12/1,-2,9,3.5,3.5
2021/12/2,1,12,3.5,3.5
2021/12/3,2,14,1.5,1.5
2021/12/4,3,15,1.5,1.5
2021/12/5,5,16,1.5,1.5
2021/12/6,5,16,1.5,1.5
2021/12/7,6,15,3.5,3.5
2021/12/8,8,16,1.5,1.5
2021/12/9,5,17,1.5,1.5
2021/12/10,5,16,1.5,1.5
2021/12/11,8,15,3.5,3.5
2021/12/12,0,9,3.5,3.5
2021/12/13,1,10,1.5,1.5
2021/12/14,5,14,1.5,1.5
2021/12/15,10,15,1.5,1.5
2021/12/16,3,13,1.5,1.5
2021/12/17,-3,8,1.5,1.5
2021/12/18,-1,7,1.5,1.5
2021/12/19,2,13,1.5,1.5
2021/12/20,4,16,1.5,1.5
2021/12/21,3,17,1.5,1.5
2021/12/22,4,17,1.5,1.5
2021/12/23,6,14,1.5,1.5
2021/12/24,-1,9,3.5,3.5
2021/12/25,-4,3,3.5,3.5
2021/12/26,-5,1,1.5,1.5
2021/12/27,-2,3,1.5,1.5
2021/12/28,-1,7,1.5,1.5
2021/12/29,-3,9,1.5,1.5
2021/12/30,-1,10,1.5,1.5
2021/12/31,1,10,1.5,1.5
2022/1/1,-1,11,1.5,1.5
2022/1/2,0,11,1.5,1.5
2022/1/3,2,13,1.5,1.5
2022/1/4,6,9,3.5,3.5
2022/1/5,2,6,3.5,3.5
2022/1/6,0,9,3.5,3.5
2022/1/7,0,9,1.5,1.5
2022/1/8,4,9,1.5,1.5
2022/1/9,2,9,1.5,1.5
2022/1/10,1,8,3.5,3.5
2022/1/11,-2,6,1.5,1.5
2022/1/12,-1,9,1.5,1.5
2022/1/13,-3,5,1.5,1.5
2022/1/14,-2,5,1.5,1.5
2022/1/15,2,10,1.5,1.5
2022/1/16,4,11,1.5,1.5
2022/1/17,2,12,1.5,1.5
2022/1/18,2,12,1.5,1.5
2022/1/19,2,13,3.5,3.5
2022/1/20,0,8,3.5,3.5
2022/1/21,4,8,3.5,3.5
2022/1/22,6,8,3.5,3.5
2022/1/23,3,8,1.5,1.5
2022/1/24,1,4,3.5,3.5
2022/1/25,3,6,1.5,1.5
2022/1/26,4,5,3.5,3.5
2022/1/27,2,5,3.5,3.5
2022/1/28,1,4,3.5,3.5
2022/1/29,-1,4,1.5,1.5
2022/1/30,-2,7,1.5,1.5
2022/1/31,0,8,1.5,1.5
2022/2/1,1,7,1.5,1.5
2022/2/2,0,4,3.5,3.5
2022/2/3,0,6,1.5,1.5
2022/2/4,-1,7,1.5,1.5
2022/2/5,-2,6,1.5,1.5
2022/2/6,0,6,1.5,1.5
2022/2/7,-1,1,1.5,1.5
2022/2/8,0,4,3.5,3.5
2022/2/9,1,5,1.5,1.5
2022/2/10,3,7,1.5,1.5
2022/2/11,4,6,3.5,3.5
2022/2/12,5,9,1.5,1.5
2022/2/13,2,9,1.5,1.5
2022/2/14,3,11,3.5,3.5
2022/2/15,1,7,1.5,1.5
2022/2/16,2,6,1.5,1.5
2022/2/17,0,3,3.5,3.5
2022/2/18,1,4,3.5,3.5
2022/2/19,-3,5,3.5,3.5
2022/2/20,-2,4,1.5,1.5
2022/2/21,0,8,1.5,1.5
2022/2/22,1,7,1.5,1.5
2022/2/23,-2,8,1.5,1.5
2022/2/24,-1,10,1.5,1.5
2022/2/25,2,13,1.5,1.5
2022/2/26,3,17,1.5,1.5
2022/2/27,8,16,1.5,1.5
2022/2/28,12,20,1.5,1.5
2022/3/1,4,16,1.5,1.5
2022/3/2,7,17,1.5,1.5
2022/3/3,12,22,3.5,3.5
2022/3/4,8,23,3.5,3.5
2022/3/5,5,17,3.5,3.5
2022/3/6,7,12,3.5,3.5
2022/3/7,4,15,1.5,1.5
2022/3/8,8,22,1.5,1.5
2022/3/9,10,23,3.5,3.5
2022/3/10,12,25,1.5,1.5
2022/3/11,14,27,3.5,3.5
2022/3/12,17,30,1.5,1.5
2022/3/13,16,26,1.5,1.5
2022/3/14,9,25,3.5,3.5
2022/3/15,13,23,1.5,1.5
2022/3/16,11,29,3.5,3.5
2022/3/17,6,8,4.5,4.5
2022/3/18,7,12,1.5,1.5
2022/3/19,5,13,3.5,3.5
2022/3/20,5,7,3.5,3.5
2022/3/21,5,6,4.5,4.5
2022/3/22,4,10,3.5,3.5
2022/3/23,5,13,1.5,1.5
2022/3/24,8,19,3.5,3.5
2022/3/25,11,17,3.5,3.5
2022/3/26,9,16,1.5,1.5
2022/3/27,6,17,3.5,3.5
2022/3/28,7,16,3.5,3.5
2022/3/29,12,21,1.5,1.5
2022/3/30,11,22,3.5,3.5
2022/3/31,8,12,1.5,1.5
2022/4/1,4,13,3.5,3.5
2022/4/2,5,15,1.5,1.5
2022/4/3,7,18,1.5,1.5
2022/4/4,11,19,1.5,1.5
2022/4/5,9,21,1.5,1.5
2022/4/6,12,25,1.5,1.5
2022/4/7,14,27,1.5,1.5
2022/4/8,15,30,3.5,3.5
2022/4/9,15,31,3.5,3.5
2022/4/10,17,31,1.5,1.5
2022/4/11,18,33,1.5,1.5
2022/4/12,13,33,4.5,4.5
2022/4/13,10,13,4.5,4.5
2022/4/14,11,18,3.5,3.5
2022/4/15,10,18,3.5,3.5
2022/4/16,7,16,1.5,1.5
2022/4/17,12,18,1.5,1.5
2022/4/18,11,22,1.5,1.5
2022/4/19,11,24,1.5,1.5
2022/4/20,15,25,1.5,1.5
2022/4/21,15,26,3.5,3.5
2022/4/22,20,30,1.5,1.5
2022/4/23,15,26,3.5,3.5
2022/4/24,19,28,3.5,3.5
2022/4/25,19,24,3.5,3.5
2022/4/26,17,25,3.5,3.5
2022/4/27,13,22,3.5,3.5
2022/4/28,10,18,3.5,3.5
2022/4/29,10,18,3.5,3.5
2022/4/30,12,17,1.5,1.5
2022/5/1,11,20,1.5,1.5
2022/5/2,13,25,1.5,1.5
2022/5/3,14,27,1.5,1.5
2022/5/4,14,29,3.5,3.5
2022/5/5,17,29,1.5,1.5
2022/5/6,19,30,1.5,1.5
2022/5/7,18,29,3.5,3.5
2022/5/8,14,26,3.5,3.5
2022/5/9,15,22,3.5,3.5
2022/5/10,16,21,3.5,3.5
2022/5/11,15,22,3.5,3.5
2022/5/12,16,22,1.5,1.5
2022/5/13,13,22,1.5,1.5
2022/5/14,14,22,3.5,3.5
2022/5/15,14,22,1.5,1.5
2022/5/16,15,25,1.5,1.5
2022/5/17,16,29,3.5,3.5
2022/5/18,19,30,3.5,3.5
2022/5/19,15,23,1.5,1.5
2022/5/20,16,26,1.5,1.5
2022/5/21,18,30,1.5,1.5
2022/5/22,20,30,3.5,3.5
2022/5/23,18,29,3.5,3.5
2022/5/24,19,28,1.5,1.5
2022/5/25,20,31,3.5,3.5
2022/5/26,17,23,1.5,1.5
2022/5/27,22,29,1.5,1.5
2022/5/28,21,27,3.5,3.5
2022/5/29,22,28,3.5,3.5
2022/5/30,18,28,1.5,1.5
2022/5/31,21,30,3.5,3.5
2022/6/1,21,33,1.5,1.5
2022/6/2,23,34,3.5,3.5
2022/6/3,23,31,3.5,3.5
2022/6/4,24,30,3.5,3.5
2022/6/5,20,27,3.5,3.5
2022/6/6,19,33,3.5,3.5
2022/6/7,17,28,3.5,3.5
2022/6/8,20,31,3.5,3.5
2022/6/9,22,32,3.5,3.5
2022/6/10,20,30,3.5,3.5
2022/6/11,19,29,3.5,3.5
2022/6/12,19,24,1.5,1.5
2022/6/13,20,28,1.5,1.5
2022/6/14,21,30,3.5,3.5
2022/6/15,22,33,3.5,3.5
2022/6/16,23,35,1.5,1.5
2022/6/17,25,36,1.5,1.5
2022/6/18,25,36,1.5,1.5
2022/6/19,25,35,1.5,1.5
2022/6/20,25,35,1.5,1.5
2022/6/21,27,34,3.5,3.5
2022/6/22,28,35,3.5,3.5
2022/6/23,25,32,4.5,4.5
2022/6/24,25,31,3.5,3.5
2022/6/25,27,33,3.5,3.5
2022/6/26,28,35,3.5,3.5
2022/6/27,28,35,3.5,3.5
2022/6/28,26,32,3.5,3.5
2022/6/29,27,33,1.5,1.5
2022/6/30,26,30,1.5,1.5
2022/7/1,26,34,3.5,3.5
2022/7/2,25,34,3.5,3.5
2022/7/3,26,34,3.5,3.5
2022/7/4,26,34,3.5,3.5
2022/7/5,27,34,3.5,3.5
2022/7/6,28,33,3.5,3.5
2022/7/7,27,34,3.5,3.5
2022/7/8,27,35,1.5,1.5
2022/7/9,28,35,1.5,1.5
2022/7/10,29,37,3.5,3.5
2022/7/11,29,38,1.5,1.5
2022/7/12,30,39,3.5,3.5
2022/7/13,30,39,3.5,3.5
2022/7/14,30,38,3.5,3.5
2022/7/15,30,38,3.5,3.5
2022/7/16,29,34,1.5,1.5
2022/7/17,26,35,3.5,3.5
2022/7/18,24,33,1.5,1.5
2022/7/19,27,34,1.5,1.5
2022/7/20,25,34,3.5,3.5
2022/7/21,24,31,3.5,3.5
2022/7/22,29,34,1.5,1.5
2022/7/23,24,34,4.5,4.5
2022/7/24,24,33,1.5,1.5
2022/7/25,28,36,3.5,3.5
2022/7/26,25,35,1.5,1.5
2022/7/27,27,35,3.5,3.5
2022/7/28,27,37,1.5,1.5
2022/7/29,26,34,1.5,1.5
2022/7/30,25,33,3.5,3.5
2022/7/31,26,34,3.5,3.5
2022/8/1,27,35,1.5,1.5
2022/8/2,28,37,1.5,1.5
2022/8/3,29,38,1.5,1.5
2022/8/4,29,38,1.5,1.5
2022/8/5,30,38,3.5,3.5
2022/8/6,30,38,1.5,1.5
2022/8/7,30,38,1.5,1.5
2022/8/8,29,39,1.5,1.5
2022/8/9,29,39,3.5,3.5
2022/8/10,29,39,1.5,1.5
2022/8/11,29,39,3.5,3.5
2022/8/12,30,39,3.5,3.5
2022/8/13,30,40,1.5,1.5
2022/8/14,30,40,3.5,3.5
2022/8/15,30,40,1.5,1.5
2022/8/16,26,37,3.5,3.5
2022/8/17,27,35,1.5,1.5
2022/8/18,29,38,1.5,1.5
2022/8/19,31,39,3.5,3.5
2022/8/20,27,36,3.5,3.5
2022/8/21,29,37,1.5,1.5
2022/8/22,29,39,1.5,1.5
2022/8/23,24,36,3.5,3.5
2022/8/24,24,30,3.5,3.5
2022/8/25,25,30,1.5,1.5
2022/8/26,24,30,3.5,3.5
2022/8/27,22,27,1.5,1.5
2022/8/28,23,27,3.5,3.5
2022/8/29,24,30,3.5,3.5
2022/8/30,20,27,3.5,3.5
2022/8/31,20,24,1.5,1.5
2022/9/1,19,28,3.5,3.5
2022/9/2,20,28,3.5,3.5
2022/9/3,22,28,3.5,3.5
2022/9/4,21,26,3.5,3.5
2022/9/5,20,29,3.5,3.5
2022/9/6,22,32,1.5,1.5
2022/9/7,23,34,1.5,1.5
2022/9/8,21,30,3.5,3.5
2022/9/9,18,30,1.5,1.5
2022/9/10,20,29,3.5,3.5
2022/9/11,21,30,1.5,1.5
2022/9/12,23,30,3.5,3.5
2022/9/13,22,25,3.5,3.5
2022/9/14,21,26,4.5,4.5
2022/9/15,20,23,5.5,5.5
2022/9/16,20,27,1.5,1.5
2022/9/17,21,28,1.5,1.5
2022/9/18,21,29,3.5,3.5
2022/9/19,17,27,3.5,3.5
2022/9/20,16,24,3.5,3.5
2022/9/21,17,24,1.5,1.5
2022/9/22,19,28,1.5,1.5
2022/9/23,16,25,3.5,3.5
2022/9/24,17,23,1.5,1.5
2022/9/25,18,26,3.5,3.5
2022/9/26,18,26,1.5,1.5
2022/9/27,19,27,1.5,1.5
2022/9/28,18,23,1.5,1.5
2022/9/29,20,28,1.5,1.5
2022/9/30,23,31,3.5,3.5
2022/10/1,26,34,1.5,1.5
2022/10/2,26,37,3.5,3.5
2022/10/3,21,37,3.5,3.5
2022/10/4,14,20,3.5,3.5
2022/10/5,13,15,3.5,3.5
2022/10/6,11,14,3.5,3.5
2022/10/7,13,19,1.5,1.5
2022/10/8,14,21,1.5,1.5
2022/10/9,8,18,3.5,3.5
2022/10/10,7,17,3.5,3.5
2022/10/11,9,18,1.5,1.5
2022/10/12,11,21,1.5,1.5
2022/10/13,13,22,1.5,1.5
2022/10/14,13,23,1.5,1.5
2022/10/15,13,23,1.5,1.5
2022/10/16,15,24,3.5,3.5
2022/10/17,9,21,3.5,3.5
2022/10/18,9,18,1.5,1.5
2022/10/19,11,20,1.5,1.5
2022/10/20,15,22,3.5,3.5
2022/10/21,13,21,1.5,1.5
2022/10/22,15,25,1.5,1.5
2022/10/23,9,23,3.5,3.5
2022/10/24,12,23,3.5,3.5
2022/10/25,15,21,3.5,3.5
2022/10/26,14,17,1.5,1.5
2022/10/27,14,19,3.5,3.5
2022/10/28,13,21,3.5,3.5
2022/10/29,12,20,3.5,3.5
2022/10/30,14,21,1.5,1.5
2022/10/31,14,22,3.5,3.5
2022/11/1,11,21,3.5,3.5
2022/11/2,11,20,3.5,3.5
2022/11/3,13,20,3.5,3.5
2022/11/4,8,17,1.5,1.5
2022/11/5,9,17,1.5,1.5
2022/11/6,9,20,3.5,3.5
2022/11/7,10,22,1.5,1.5
2022/11/8,13,23,3.5,3.5
2022/11/9,13,22,1.5,1.5
2022/11/10,15,25,3.5,1.5
2022/11/11,19,23,3.5,1.5
2022/11/12,11,24,3.5,3.5
2022/11/13,9,13,3.5,1.5
2022/11/14,6,11,1.5,1.5
2022/11/15,5,15,1.5,1.5
2022/11/16,8,17,3.5,1.5
2022/11/17,12,15,1.5,1.5
2022/11/18,14,16,3.5,1.5
2022/11/19,14,18,1.5,1.5
2022/11/20,11,18,1.5,1.5
2022/11/21,13,18,3.5,1.5
2022/11/22,12,17,1.5,1.5
2022/11/23,11,16,3.5,3.5
2022/11/24,11,18,3.5,1.5
2022/11/25,13,19,1.5,1.5
2022/11/26,13,19,3.5,3.5
2022/11/27,15,21,3.5,1.5
2022/11/28,11,17,3.5,4.5
2022/11/29,0,10,4.5,4.5
2022/11/30,-1,1,4.5,3.5
2022/12/1,0,4,3.5,3.5
2022/12/2,0,7,1.5,1.5
2022/12/3,4,6,1.5,3.5
2022/12/4,3,6,3.5,3.5
2022/12/5,0,8,3.5,1.5
2022/12/6,1,10,3.5,3.5
2022/12/7,6,11,1.5,1.5
2022/12/8,8,10,1.5,1.5
2022/12/9,9,11,1.5,1.5
2022/12/10,1,10,3.5,3.5
2022/12/11,0,7,3.5,1.5
2022/12/12,-1,8,3.5,3.5
2022/12/13,-2,11,3.5,1.5
2022/12/14,0,6,3.5,3.5
2022/12/15,4,13,3.5,3.5
2022/12/16,0,6,3.5,4.5
2022/12/17,-4,0,4.5,3.5
2022/12/18,-2,5,3.5,3.5
2022/12/19,-2,10,3.5,1.5
2022/12/20,2,12,3.5,1.5
2022/12/21,0,9,3.5,4.5
2022/12/22,-4,5,4.5,3.5
2022/12/23,-3,5,1.5,1.5
2022/12/24,-5,5,3.5,3.5
2022/12/25,-3,6,3.5,1.5
2022/12/26,-2,7,3.5,1.5
2022/12/27,1,7,3.5,3.5
2022/12/28,0,7,3.5,1.5
2022/12/29,-1,7,3.5,1.5
2022/12/30,-1,8,1.5,1.5
2022/12/31,0,10,1.5,1.5
